id,timestamp,timestamp_fixed,elapsed,lat,lng,speed,altitude_m,altitude_ft,comment,volt,t_int,t_ext,t_amb,humid,pressure,prec_gas,reduc_gas,oxid_gas,temp_ired,cap,alt_miles
1,3/14/2015 18:20,03/14/2015 18:20:30,0,38.5045,-89.6215,20,309.07,1014,Ti=30/Te=14/V=8185 Arch Reactor,8185,30,14,28.7777777778,40.2,99184,-4.8,131470,6151,29.1666666667,2688,0.1920454545
2,3/14/2015 18:21,03/14/2015 18:21:00,0.5,38.50167,-89.62167,30,597.71,1961,Ti=28/Te=12/V=8185 Arch Reactor,8185,28,12,27.4444444444,39,95896,-5,133080,6407,26.5,2656,0.3714015152
3,3/14/2015 18:21,03/14/2015 18:21:30,1,38.49933,-89.62233,31,775.41,2544,Ti=26/Te=12/V=8185 Arch Reactor,8185,26,12,27.4444444444,39,95896,-5,133080,6407,26.5,2656,0.4818181818
4,3/14/2015 18:22,03/14/2015 18:22:00,1.5,38.49683,-89.623,30,917.14,3009,Ti=26/Te=12/V=8185 Arch Reactor,8185,26,12,25.5555555556,36.3,92356,-4.8,147857,7028,24.3333333333,2641,0.5698863636
5,3/14/2015 18:22,03/14/2015 18:22:30,2,38.4945,-89.62417,31,1061.31,3482,Ti=25/Te=11/V=8185 Arch Reactor,8185,25,11,25.5555555556,36.3,92356,-4.8,147857,7028,24.3333333333,2641,0.659469697
6,3/14/2015 18:23,03/14/2015 18:23:00,2.5,38.492,-89.62483,37,1201.22,3941,Ti=24/Te=11/V=8185 Arch Reactor,8185,24,11,23.8888888889,34.9,89108,-4.6,151681,7408,22.8888888889,2625,0.7464015152
7,3/14/2015 18:23,03/14/2015 18:23:30,3,38.4895,-89.62483,35,1337.77,4389,Ti=24/Te=11/V=8185 Arch Reactor,8185,24,11,23.8888888889,34.9,89108,-4.6,151681,7408,22.8888888889,2625,0.83125
8,3/14/2015 18:24,03/14/2015 18:24:00,3.5,38.4865,-89.62467,30,1469.75,4822,Ti=24/Te=11/V=8185 Arch Reactor,8185,24,11,22.5555555556,31,86132,-4.5,155577,8082,21.6666666667,2610,0.9132575758
9,3/14/2015 18:24,03/14/2015 18:24:30,4,38.484,-89.62467,39,1628.24,5342,Ti=23/Te=11/V=8185 Arch Reactor,8185,23,11,22.5555555556,31,86132,-4.5,155577,8082,21.6666666667,2610,1.0117424242
10,3/14/2015 18:25,03/14/2015 18:25:00,4.5,38.48183,-89.62467,26,1789.48,5871,Ti=22/Te=10/V=8165 Arch Reactor,8165,22,10,21.3888888889,27.9,82948,-4.4,157552,8667,20.6111111111,2610,1.1119318182
11,3/14/2015 18:25,03/14/2015 18:25:30,5,38.47933,-89.62483,24,1927.56,6324,Ti=22/Te=10/V=8165 Arch Reactor,8165,22,10,21.3888888889,27.9,82948,-4.4,157552,8667,20.6111111111,2610,1.1977272727
12,3/14/2015 18:26,03/14/2015 18:26:00,5.5,38.47767,-89.62533,24,2050.39,6727,Ti=21/Te=11/V=8165 Arch Reactor,8165,21,11,20.2222222222,24.6,80196,-3.9,146283,9089,19.9444444444,2594,1.2740530303
13,3/14/2015 18:26,03/14/2015 18:26:30,6,38.47533,-89.62683,37,2211.63,7256,Ti=21/Te=11/V=8165 Arch Reactor,8165,21,11,20.2222222222,24.6,80196,-3.9,146283,9089,19.9444444444,2594,1.3742424242
14,3/14/2015 18:27,03/14/2015 18:27:00,6.5,38.4725,-89.629,44,2353.67,7722,Ti=21/Te=11/V=8165 Arch Reactor,8165,21,11,19.3888888889,19.1,77260,-4.2,147699,9752,19.3333333333,2578,1.4625
15,3/14/2015 18:27,03/14/2015 18:27:30,7,38.47,-89.6315,37,2469.79,8103,Ti=21/Te=10/V=8165 Arch Reactor,8165,21,10,19.3888888889,19.1,77260,-4.2,147699,9752,19.3333333333,2578,1.5346590909
16,3/14/2015 18:28,03/14/2015 18:28:00,7.5,38.46683,-89.63417,43,2582.8,8474,Ti=20/Te=9/V=8165 Arch Reactor,8165,20,9,18.6666666667,17.4,75152,-4.2,131908,10306,18.6111111111,2578,1.6049242424
17,3/14/2015 18:28,03/14/2015 18:28:30,8,38.46383,-89.6365,56,2697.1,8849,Ti=20/Te=8/V=8165 Arch Reactor,8165,20,8,18.6666666667,17.4,75152,-4.2,131908,10306,18.6111111111,2578,1.6759469697
18,3/14/2015 18:29,03/14/2015 18:29:00,8.5,38.4605,-89.63917,46,2842.8,9327,Ti=20/Te=6/V=8165 Arch Reactor,8165,20,6,17.8888888889,16.4,72868,-4.5,135445,10349,18,2563,1.7664772727
19,3/14/2015 18:29,03/14/2015 18:29:30,9,38.45683,-89.64167,52,2997.1,9833,Ti=19/Te=5/V=8145 Arch Reactor,8145,19,5,17.8888888889,16.4,72868,-4.5,135445,10349,18,2563,1.8623106061
20,3/14/2015 18:30,03/14/2015 18:30:00,9.5,38.45317,-89.64467,63,3138.2,10296,Ti=19/Te=4/V=8145 Arch Reactor,8145,19,4,17,15.8,70212,-4.2,125864,10426,16.7777777778,2547,1.95
21,3/14/2015 18:30,03/14/2015 18:30:30,10,38.449,-89.64717,57,3275.3,10746,Ti=19/Te=4/V=8145 Arch Reactor,8145,19,4,17,15.8,70212,-4.2,125864,10426,16.7777777778,2547,2.0352272727
22,3/14/2015 18:31,03/14/2015 18:31:00,10.5,38.44433,-89.65017,67,3405.8,11174,Ti=19/Te=4/V=8165 Arch Reactor,8165,19,4,16.1111111111,15.5,67876,-4,123890,10748,17.2222222222,2547,2.1162878788
23,3/14/2015 18:31,03/14/2015 18:31:30,11,38.44,-89.65217,63,3520.4,11550,Ti=18/Te=3/V=8104 Arch Reactor,8104,18,3,16.1111111111,15.5,67876,-4,123890,10748,17.2222222222,2547,2.1875
24,3/14/2015 18:32,03/14/2015 18:32:00,11.5,38.43517,-89.65367,63,3646.3,11963,Ti=18/Te=1/V=8165 Arch Reactor,8165,18,1,15.5555555556,15.1,65812,-4.1,120551,10883,17.1111111111,2531,2.265719697
25,3/14/2015 18:32,03/14/2015 18:32:30,12,38.4305,-89.6555,67,3782.5,12410,Ti=18/Te=1/V=8165 Arch Reactor,8165,18,1,15.5555555556,15.1,65812,-4.1,120551,10883,17.1111111111,2531,2.3503787879
26,3/14/2015 18:33,03/14/2015 18:33:00,12.5,38.42567,-89.657,69,3887.1,12753,Ti=18/Te=0/V=8165 Arch Reactor,8165,18,0,14.8888888889,14.7,63660,-4,115916,11111,16.4444444444,2516,2.4153409091
27,3/14/2015 18:33,03/14/2015 18:33:30,13,38.421,-89.65833,63,4030.98,13225,Ti=18/Te=-1/V=8145 Arch Reactor,8145,18,-1,14.8888888889,14.7,63660,-4,115916,11111,16.4444444444,2516,2.5047348485
28,3/14/2015 18:34,03/14/2015 18:34:00,13.5,38.4165,-89.66017,70,4168.14,13675,Ti=18/Te=-2/V=8125 Arch Reactor,8125,18,-2,14.2222222222,14,61576,-4.2,117675,10974,14.6111111111,2516,2.5899621212
29,3/14/2015 18:34,03/14/2015 18:34:30,14,38.413,-89.6615,54,4315.97,14160,Ti=17/Te=-3/V=8165 Arch Reactor,8165,17,-3,14.2222222222,14,61576,-4.2,117675,10974,14.6111111111,2516,2.6818181818
30,3/14/2015 18:35,03/14/2015 18:35:00,14.5,38.40967,-89.66283,37,4463.19,14643,Ti=16/Te=-4/V=8145 Arch Reactor,8145,16,-4,13.1666666667,14.3,59232,-4,114707,11495,13.1111111111,2500,2.7732954545
31,3/14/2015 18:35,03/14/2015 18:35:30,15,38.40683,-89.66383,50,4599.13,15089,Ti=16/Te=-5/V=8165 Arch Reactor,8165,16,-5,13.1666666667,14.3,59232,-4,114707,11495,13.1111111111,2500,2.8577651515
32,3/14/2015 18:36,03/14/2015 18:36:00,15.5,38.40367,-89.665,46,4753.05,15594,Ti=16/Te=-7/V=8104 Arch Reactor,8104,16,-7,12.0555555556,14.9,57116,-4,115243,11157,12.6111111111,2484,2.9534090909
33,3/14/2015 18:36,03/14/2015 18:36:30,16,38.40067,-89.666,54,4912.16,16116,Ti=15/Te=-9/V=8125 Arch Reactor,8125,15,-9,12.0555555556,14.9,57116,-4,115243,11157,12.6111111111,2484,3.0522727273
34,3/14/2015 18:37,03/14/2015 18:37:00,16.5,38.39683,-89.66683,57,5056.63,16590,Ti=15/Te=-10/V=8125 Arch Reactor,8125,15,-10,10.7777777778,16.4,54788,-4.5,121380,11578,10.6111111111,2469,3.1420454545
35,3/14/2015 18:37,03/14/2015 18:37:30,17,38.3935,-89.667,43,5228.84,17155,Ti=14/Te=-11/V=8104 Arch Reactor,8104,14,-11,10.7777777778,16.4,54788,-4.5,121380,11578,10.6111111111,2469,3.2490530303
36,3/14/2015 18:38,03/14/2015 18:38:00,17.5,38.3905,-89.6665,39,5402.58,17725,Ti=13/Te=-12/V=8145 Arch Reactor,8145,13,-12,9.0555555556,18.6,52400,-4.2,138139,11484,8.3888888889,2453,3.3570075758
37,3/14/2015 18:38,03/14/2015 18:38:30,18,38.38833,-89.666,39,5565.95,18261,Ti=12/Te=-11/V=8145 Arch Reactor,8145,12,-11,9.0555555556,18.6,52400,-4.2,138139,11484,8.3888888889,2453,3.4585227273
38,3/14/2015 18:39,03/14/2015 18:39:00,18.5,38.38733,-89.66433,19,5733.29,18810,Ti=11/Te=-12/V=8145 Arch Reactor,8145,11,-12,7.3333333333,22.4,50012,-4,156233,11697,7.5,2453,3.5625
39,3/14/2015 18:39,03/14/2015 18:39:30,19,38.3875,-89.66167,46,5895.14,19341,Ti=11/Te=-11/V=8125 Arch Reactor,8125,11,-11,7.3333333333,22.4,50012,-4,156233,11697,7.5,2453,3.6630681818
40,3/14/2015 18:40,03/14/2015 18:40:00,19.5,38.38817,-89.65717,57,6062.78,19891,Ti=11/Te=-13/V=8125 Arch Reactor,8125,11,-13,5.9444444444,28.2,47860,-3.7,180366,11507,6.5555555556,2438,3.7672348485
41,3/14/2015 18:40,03/14/2015 18:40:30,20,38.38867,-89.6525,44,6211.52,20379,Ti=10/Te=-12/V=8125 Arch Reactor,8125,10,-12,5.9444444444,28.2,47860,-3.7,180366,11507,6.5555555556,2438,3.8596590909
42,3/14/2015 18:41,03/14/2015 18:41:00,20.5,38.38917,-89.648,59,6381.29,20936,Ti=10/Te=-14/V=8125 Arch Reactor,8125,10,-14,4.8888888889,24.2,45876,-3.7,186880,12725,5.9444444444,2438,3.9651515152
43,3/14/2015 18:41,03/14/2015 18:41:30,21,38.39,-89.6435,56,6546.49,21478,Ti=10/Te=-14/V=8104 Arch Reactor,8104,10,-14,4.8888888889,24.2,45876,-3.7,186880,12725,5.9444444444,2438,4.0678030303
44,3/14/2015 18:42,03/14/2015 18:42:00,21.5,38.3915,-89.639,50,6674.82,21899,Ti=10/Te=-14/V=8125 Arch Reactor,8125,10,-14,3.9444444444,23.3,43916,-3.8,191264,13299,5.1111111111,2438,4.1475378788
45,3/14/2015 18:42,03/14/2015 18:42:30,22,38.39317,-89.63467,54,6825.69,22394,Ti=9/Te=-16/V=8125 Arch Reactor,8125,9,-16,3.9444444444,23.3,43916,-3.8,191264,13299,5.1111111111,2438,4.2412878788
46,3/14/2015 18:43,03/14/2015 18:43:00,22.5,38.39517,-89.62967,57,6976.26,22888,Ti=9/Te=-17/V=8125 Arch Reactor,8125,9,-17,3.0555555556,20.9,42184,-3.6,188775,14173,3.9444444444,2422,4.3348484848
47,3/14/2015 18:43,03/14/2015 18:43:30,23,38.39667,-89.62433,59,7111.59,23332,Ti=9/Te=-17/V=8104 Arch Reactor,8104,9,-17,3.0555555556,20.9,42184,-3.6,188775,14173,3.9444444444,2422,4.4189393939
48,3/14/2015 18:44,03/14/2015 18:44:00,23.5,38.3985,-89.619,63,7259.42,23817,Ti=9/Te=-19/V=8084 Arch Reactor,8084,9,-19,2.2777777778,22.5,40520,-3.7,191071,15024,3.3888888889,2422,4.5107954545
49,3/14/2015 18:44,03/14/2015 18:44:30,24,38.40067,-89.61433,57,7428.59,24372,Ti=8/Te=-19/V=8104 Arch Reactor,8104,8,-19,2.2777777778,22.5,40520,-3.7,191071,15024,3.3888888889,2422,4.6159090909
50,3/14/2015 18:45,03/14/2015 18:45:00,24.5,38.402,-89.60883,63,7571.84,24842,Ti=8/Te=-21/V=8064 Arch Reactor,8064,8,-21,1.4444444444,22.8,38856,-3.7,192808,14847,1.8333333333,2422,4.7049242424
51,3/14/2015 18:45,03/14/2015 18:45:30,25,38.40383,-89.60333,69,7725.77,25347,Ti=8/Te=-22/V=8104 Arch Reactor,8104,8,-22,1.4444444444,22.8,38856,-3.7,192808,14847,1.8333333333,2422,4.8005681818
52,3/14/2015 18:46,03/14/2015 18:46:00,25.5,38.40567,-89.59783,61,7870.85,25823,Ti=8/Te=-23/V=8084 Arch Reactor,8084,8,-23,0.5555555556,21.9,37164,-3.4,210091,14615,0.8888888889,2422,4.890719697
53,3/14/2015 18:46,03/14/2015 18:46:30,26,38.40717,-89.5925,59,8005.57,26265,Ti=7/Te=-24/V=8028 Arch Reactor,8028,7,-24,0.5555555556,21.9,37164,-3.4,210091,14615,0.8888888889,2422,4.9744318182
54,3/14/2015 18:47,03/14/2015 18:47:00,26.5,38.40867,-89.587,61,8156.14,26759,Ti=7/Te=-24/V=8028 Arch Reactor,8028,7,-24,-0.1666666667,19.6,35668,-3.8,203511,15504,0.5,2422,5.0679924242
55,3/14/2015 18:47,03/14/2015 18:47:30,27,38.40983,-89.58167,52,8306.71,27253,Ti=7/Te=-24/V=8008 Arch Reactor,8008,7,-24,-0.1666666667,19.6,35668,-3.8,203511,15504,0.5,2422,5.1615530303
56,3/14/2015 18:48,03/14/2015 18:48:00,27.5,38.41083,-89.57633,54,8454.24,27737,Ti=7/Te=-26/V=8008 Arch Reactor,8008,7,-26,-0.7777777778,17.8,34160,-4.1,194363,16589,-0.5555555556,2422,5.253219697
57,3/14/2015 18:48,03/14/2015 18:48:30,28,38.41133,-89.57067,61,8616.09,28268,Ti=7/Te=-28/V=8008 Arch Reactor,8008,7,-28,-0.7777777778,17.8,34160,-4.1,194363,16589,-0.5555555556,2422,5.3537878788
58,3/14/2015 18:49,03/14/2015 18:49:00,28.5,38.41167,-89.56517,63,8762.09,28747,Ti=7/Te=-28/V=8008 Arch Reactor,8008,7,-28,-1.4444444444,16.1,32624,-3.4,185562,17284,-1.6666666667,2422,5.4445075758
59,3/14/2015 18:49,03/14/2015 18:49:30,29,38.41183,-89.5595,59,8884.31,29148,Ti=6/Te=-30/V=8008 Arch Reactor,8008,6,-30,-1.4444444444,16.1,32624,-3.4,185562,17284,-1.6666666667,2422,5.5204545455
60,3/14/2015 18:50,03/14/2015 18:50:00,29.5,38.41217,-89.554,59,9029.4,29624,Ti=6/Te=-31/V=7988 Arch Reactor,7988,6,-31,-2.0555555556,14.8,31332,-3.8,183321,17781,-2.3888888889,2422,5.6106060606
61,3/14/2015 18:50,03/14/2015 18:50:30,30,38.41233,-89.5485,63,9182.1,30125,Ti=6/Te=-31/V=7988 Arch Reactor,7988,6,-31,-2.0555555556,14.8,31332,-3.8,183321,17781,-2.3888888889,2422,5.7054924242
62,3/14/2015 18:51,03/14/2015 18:51:00,30.5,38.41233,-89.543,59,9328.71,30606,Ti=6/Te=-30/V=7988 Arch Reactor,7988,6,-30,-2.7777777778,13.7,29980,-3.5,181839,18382,-3.7777777778,2438,5.7965909091
63,3/14/2015 18:51,03/14/2015 18:51:30,31,38.41233,-89.5375,61,9456.72,31026,Ti=6/Te=-31/V=7988 Arch Reactor,7988,6,-31,-2.7777777778,13.7,29980,-3.5,181839,18382,-3.7777777778,2438,5.8761363636
64,3/14/2015 18:52,03/14/2015 18:52:00,31.5,38.41233,-89.532,56,9583.52,31442,Ti=5/Te=-33/V=7988 Arch Reactor,7988,5,-33,-3.5,13.2,28812,-3.4,177088,19170,-3.7777777778,2438,5.9549242424
65,3/14/2015 18:52,03/14/2015 18:52:30,32,38.41217,-89.52683,54,9728,31916,Ti=5/Te=-35/V=7988 Arch Reactor,7988,5,-35,-3.5,13.2,28812,-3.4,177088,19170,-3.7777777778,2438,6.0446969697
66,3/14/2015 18:53,03/14/2015 18:53:00,32.5,38.41233,-89.52133,56,9848.09,32310,Ti=5/Te=-35/V=7988 Arch Reactor,7988,5,-35,-4.0555555556,12.8,27620,-3.6,179086,19378,-5.1111111111,2438,6.1193181818
67,3/14/2015 18:53,03/14/2015 18:53:30,33,38.41267,-89.5165,54,9981.29,32747,Ti=5/Te=-36/V=7988 Arch Reactor,7988,5,-36,-4.0555555556,12.8,27620,-3.6,179086,19378,-5.1111111111,2438,6.2020833333
68,3/14/2015 18:54,03/14/2015 18:54:00,33.5,38.41333,-89.51167,56,10129.72,33234,Ti=5/Te=-37/V=7967 Arch Reactor,7967,5,-37,-4.7222222222,12.2,26500,-3.5,132493,19416,-6,2453,6.2943181818
69,3/14/2015 18:54,03/14/2015 18:54:30,34,38.41417,-89.50683,48,10268.41,33689,Ti=5/Te=-38/V=7967 Arch Reactor,7967,5,-38,-4.7222222222,12.2,26500,-3.5,132493,19416,-6,2453,6.3804924242
70,3/14/2015 18:55,03/14/2015 18:55:00,34.5,38.415,-89.50217,46,10414.1,34167,Ti=4/Te=-39/V=7967 Arch Reactor,7967,4,-39,-5.4444444444,11.6,25348,-3.3,162063,19955,-7.3333333333,2453,6.4710227273
71,3/14/2015 18:55,03/14/2015 18:55:30,35,38.41567,-89.49717,56,10559.19,34643,Ti=4/Te=-40/V=7967 Arch Reactor,7967,4,-40,-5.4444444444,11.6,25348,-3.3,162063,19955,-7.3333333333,2453,6.5611742424
72,3/14/2015 18:56,03/14/2015 18:56:00,35.5,38.41567,-89.49167,54,10714.94,35154,Ti=4/Te=-41/V=7947 Arch Reactor,7947,4,-41,-6.1111111111,11.2,24180,-3.9,170498,20591,-8.4444444444,2469,6.6579545455
73,3/14/2015 18:56,03/14/2015 18:56:30,36,38.415,-89.48617,57,10834.42,35546,Ti=4/Te=-38/V=7947 Arch Reactor,7947,4,-38,-6.1111111111,11.2,24180,-3.9,170498,20591,-8.4444444444,2469,6.7321969697
74,3/14/2015 18:57,03/14/2015 18:57:00,36.5,38.4145,-89.48067,56,10940.49,35894,Ti=4/Te=-39/V=7947 Arch Reactor,7947,4,-39,-6.9444444444,11,23252,-3.1,176727,21186,-9.6111111111,2469,6.7981060606
75,3/14/2015 18:57,03/14/2015 18:57:30,37,38.414,-89.47533,61,11045.65,36239,Ti=4/Te=-40/V=7947 Arch Reactor,7947,4,-40,-6.9444444444,11,23252,-3.1,176727,21186,-9.6111111111,2469,6.8634469697
76,3/14/2015 18:58,03/14/2015 18:58:00,37.5,38.41417,-89.47017,52,11175.49,36665,Ti=3/Te=-42/V=7947 Arch Reactor,7947,3,-42,-7.6111111111,10.9,22436,-3.5,195929,22522,-10,2469,6.9441287879
77,3/14/2015 18:58,03/14/2015 18:58:30,38,38.415,-89.46517,54,11340.69,37207,Ti=3/Te=-45/V=7947 Arch Reactor,7947,3,-45,-7.6111111111,10.9,22436,-3.5,195929,22522,-10,2469,7.046780303
78,3/14/2015 18:59,03/14/2015 18:59:00,38.5,38.4175,-89.4595,83,11510.77,37765,Ti=3/Te=-45/V=7947 Arch Reactor,7947,3,-45,-8.3888888889,10.6,21276,-3.4,205548,24362,-12.1111111111,2484,7.1524621212
79,3/14/2015 18:59,03/14/2015 18:59:30,39,38.41983,-89.45183,89,11620.8,38126,Ti=2/Te=-41/V=7947 Arch Reactor,7947,2,-41,-8.3888888889,10.6,21276,-3.4,205548,24362,-12.1111111111,2484,7.2208333333
80,3/14/2015 19:00,03/14/2015 19:00:00,39.5,38.4225,-89.443,10,11730.53,38486,Ti=2/Te=-40/V=7927 Arch Reactor,7927,2,-40,-9.3333333333,10.4,20432,-3.3,222494,26618,-12.1666666667,2484,7.2890151515
81,3/14/2015 19:00,03/14/2015 19:00:30,40,38.42533,-89.43367,10,11833.25,38823,Ti=2/Te=-39/V=7927 Arch Reactor,7927,2,-39,-9.3333333333,10.4,20432,-3.3,222494,26618,-12.1666666667,2484,7.3528409091
82,3/14/2015 19:01,03/14/2015 19:01:00,40.5,38.42833,-89.4235,11,11938.1,39167,Ti=2/Te=-40/V=7927 Arch Reactor,7927,2,-40,-10,10.4,19752,-3.1,226698,28740,-12.6666666667,2500,7.4179924242
83,3/14/2015 19:01,03/14/2015 19:01:30,41,38.43067,-89.41333,11,12051.79,39540,Ti=1/Te=-40/V=7927 Arch Reactor,7927,1,-40,-10,10.4,19752,-3.1,226698,28740,-12.6666666667,2500,7.4886363636
84,3/14/2015 19:02,03/14/2015 19:02:00,41.5,38.433,-89.40283,11,12157.56,39887,Ti=1/Te=-38/V=7927 Arch Reactor,7927,1,-38,-10.6111111111,10.3,19044,-3.1,243539,31139,-13.2222222222,2500,7.5543560606
85,3/14/2015 19:02,03/14/2015 19:02:30,42,38.43517,-89.3925,11,12270.03,40256,Ti=1/Te=-37/V=7927 Arch Reactor,7927,1,-37,-10.6111111111,10.3,19044,-3.1,243539,31139,-13.2222222222,2500,7.6242424242
86,3/14/2015 19:03,03/14/2015 19:03:00,42.5,38.4375,-89.3825,10,12382.8,40626,Ti=1/Te=-34/V=7907 Arch Reactor,7907,1,-34,-11.1111111111,10.1,18392,-2.9,246900,33726,-13.2777777778,2500,7.6943181818
87,3/14/2015 19:03,03/14/2015 19:03:30,43,38.43967,-89.37217,11,12496.5,40999,Ti=1/Te=-36/V=7907 Arch Reactor,7907,1,-36,-11.1111111111,10.1,18392,-2.9,246900,33726,-13.2777777778,2500,7.7649621212
88,3/14/2015 19:04,03/14/2015 19:04:00,43.5,38.44183,-89.36167,12,12608.97,41368,Ti=1/Te=-36/V=7907 Arch Reactor,7907,1,-36,-11.5,10.2,17720,-3.1,252765,35374,-12.8888888889,2516,7.8348484848
89,3/14/2015 19:04,03/14/2015 19:04:30,44,38.44383,-89.35117,11,12724.49,41747,Ti=1/Te=-38/V=7907 Arch Reactor,7907,1,-38,-11.5,10.2,17720,-3.1,252765,35374,-12.8888888889,2516,7.9066287879
90,3/14/2015 19:05,03/14/2015 19:05:00,44.5,38.44667,-89.34117,10,12835.13,42110,Ti=1/Te=-37/V=7907 Arch Reactor,7907,1,-37,-11.7222222222,10.2,17084,-2.8,260033,36925,-12.7777777778,2531,7.9753787879
91,3/14/2015 19:05,03/14/2015 19:05:30,45,38.44933,-89.33133,11,12943.33,42465,Ti=1/Te=-38/V=7907 Arch Reactor,7907,1,-38,-11.7222222222,10.2,17084,-2.8,260033,36925,-12.7777777778,2531,8.0426136364
92,3/14/2015 19:06,03/14/2015 19:06:00,45.5,38.4515,-89.32183,10,13048.49,42810,Ti=0/Te=-37/V=7907 Arch Reactor,7907,0,-37,-11.8888888889,10.1,16484,-3,260287,37756,-13.2777777778,2531,8.1079545455
93,3/14/2015 19:06,03/14/2015 19:06:30,46,38.45383,-89.3125,10,13161.26,43180,Ti=0/Te=-36/V=7891 Arch Reactor,7891,0,-36,-11.8888888889,10.1,16484,-3,260287,37756,-13.2777777778,2531,8.178030303
94,3/14/2015 19:07,03/14/2015 19:07:00,46.5,38.456,-89.30283,10,13275.87,43556,Ti=0/Te=-38/V=7907 Arch Reactor,7907,0,-38,-11.9444444444,10.1,15904,-2.9,264130,38095,-13.2222222222,2547,8.2492424242
95,3/14/2015 19:07,03/14/2015 19:07:30,47,38.45833,-89.29333,10,13401.14,43967,Ti=0/Te=-39/V=7891 Arch Reactor,7891,0,-39,-11.9444444444,10.1,15904,-2.9,264130,38095,-13.2222222222,2547,8.3270833333
96,3/14/2015 19:08,03/14/2015 19:08:00,47.5,38.4605,-89.28367,10,13527.02,44380,Ti=0/Te=-40/V=7891 Arch Reactor,7891,0,-40,-12.1111111111,10,15272,-3.2,256500,38439,-13.5555555556,2547,8.4053030303
97,3/14/2015 19:08,03/14/2015 19:08:30,48,38.4625,-89.27333,11,13645.9,44770,Ti=0/Te=-39/V=7891 Arch Reactor,7891,0,-39,-12.1111111111,10,15272,-3.2,256500,38439,-13.5555555556,2547,8.4791666667
98,3/14/2015 19:09,03/14/2015 19:09:00,48.5,38.46483,-89.264,10,13765.38,45162,Ti=0/Te=-40/V=7891 Arch Reactor,7891,0,-40,-12.2222222222,9.9,14652,-2.7,257756,39540,-13.7222222222,2563,8.5534090909
99,3/14/2015 19:09,03/14/2015 19:09:30,49,38.467,-89.254,10,13876.32,45526,Ti=0/Te=-41/V=7891 Arch Reactor,7891,0,-41,-12.2222222222,9.9,14652,-2.7,257756,39540,-13.7222222222,2563,8.6223484848
100,3/14/2015 19:10,03/14/2015 19:10:00,49.5,38.46883,-89.24433,10,13982.7,45875,Ti=0/Te=-39/V=7891 Arch Reactor,7891,0,-39,-12.2777777778,9.9,14136,-3,262586,40499,-13.8888888889,2563,8.6884469697
101,3/14/2015 19:10,03/14/2015 19:10:30,50,38.47067,-89.23517,93,14083.59,46206,Ti=0/Te=-38/V=7871 Arch Reactor,7871,0,-38,-12.2777777778,9.9,14136,-3,262586,40499,-13.8888888889,2563,8.7511363636
102,3/14/2015 19:11,03/14/2015 19:11:00,50.5,38.47217,-89.22667,91,14185.09,46539,Ti=0/Te=-37/V=7871 Arch Reactor,7871,0,-37,-12.3333333333,9.8,13648,-3.2,264130,41157,-13.7777777778,2578,8.8142045455
103,3/14/2015 19:11,03/14/2015 19:11:30,51,38.47317,-89.21833,87,14299.39,46914,Ti=0/Te=-38/V=7891 Arch Reactor,7891,0,-38,-12.3333333333,9.8,13648,-3.2,264130,41157,-13.7777777778,2578,8.8852272727
104,3/14/2015 19:12,03/14/2015 19:12:00,51.5,38.47683,-89.2015,91,14513.05,47615,Ti=0/Te=-38/V=7871 Arch Reactor,7871,0,-38,-12.3333333333,9.8,13172,-2.9,266202,42171,-14.1111111111,2578,9.0179924242
105,3/14/2015 19:13,03/14/2015 19:12:30,52,38.478,-89.19233,98,14632.53,48007,Ti=0/Te=-37/V=7871 Arch Reactor,7871,0,-37,-12.2777777778,9.8,12684,-3.2,266723,42517,-13.7777777778,2594,9.0922348485
106,3/14/2015 19:13,03/14/2015 19:13:00,52.5,38.4785,-89.18283,91,14761.16,48429,Ti=0/Te=-36/V=7871 Arch Reactor,7871,0,-36,-12.2777777778,9.8,12684,-3.2,266723,42517,-13.7777777778,2594,9.1721590909
107,3/14/2015 19:14,03/14/2015 19:13:30,53,38.4785,-89.17417,85,14884.91,48835,Ti=0/Te=-36/V=7871 Arch Reactor,7871,0,-36,-12.2222222222,9.8,12176,-2.8,267506,44255,-13.4444444444,2594,9.2490530303
108,3/14/2015 19:14,03/14/2015 19:14:00,53.5,38.47833,-89.16617,78,15002.26,49220,Ti=0/Te=-38/V=7871 Arch Reactor,7871,0,-38,-12.2222222222,9.8,12176,-2.8,267506,44255,-13.4444444444,2594,9.321969697
109,3/14/2015 19:15,03/14/2015 19:14:30,54,38.47817,-89.15833,85,15122.35,49614,Ti=0/Te=-38/V=7871 Arch Reactor,7871,0,-38,-12,9.9,11700,-3.4,263357,43941,-13.3333333333,2610,9.3965909091
110,3/14/2015 19:15,03/14/2015 19:15:00,54.5,38.47883,-89.1505,83,15239.7,49999,Ti=1/Te=-38/V=7871 Arch Reactor,7871,1,-38,-12,9.9,11700,-3.4,263357,43941,-13.3333333333,2610,9.4695075758
111,3/14/2015 19:16,03/14/2015 19:15:30,55,38.48017,-89.14283,87,15358.87,50390,Ti=0/Te=-39/V=7871 Arch Reactor,7871,0,-39,-11.8333333333,9.9,11260,-3.3,254501,43785,-13.1111111111,2610,9.5435606061
112,3/14/2015 19:16,03/14/2015 19:16:00,55.5,38.482,-89.13533,80,15476.83,50777,Ti=1/Te=-40/V=7851 Arch Reactor,7851,1,-40,-11.8333333333,9.9,11260,-3.3,254501,43785,-13.1111111111,2610,9.6168560606
113,3/14/2015 19:17,03/14/2015 19:16:30,56,38.48533,-89.1215,72,15711.53,51547,Ti=1/Te=-38/V=7851 Arch Reactor,7851,1,-38,-11.6111111111,9.9,10784,-2.9,242349,43220,-13.1666666667,2625,9.7626893939
114,3/14/2015 19:18,03/14/2015 19:18:00,57.5,38.4865,-89.11417,87,15824.61,51918,Ti=1/Te=-38/V=7851 Arch Reactor,7851,1,-38,-11.3888888889,9.8,10364,-3,236946,41732,-12.9444444444,2625,9.8329545455
115,3/14/2015 19:18,03/14/2015 19:18:30,58,38.48683,-89.1065,80,15948.96,52326,Ti=1/Te=-38/V=7851 Arch Reactor,7851,1,-38,-11.3888888889,9.8,10364,-3,236946,41732,-12.9444444444,2625,9.9102272727
116,3/14/2015 19:19,03/14/2015 19:19:00,58.5,38.48683,-89.09967,70,16066.92,52713,Ti=1/Te=-36/V=7851 Arch Reactor,7851,1,-36,-11.1666666667,9.7,9968,-3.3,227592,39902,-12.7777777778,2625,9.9835227273
117,3/14/2015 19:19,03/14/2015 19:19:30,59,38.48667,-89.09333,63,16183.97,53097,Ti=1/Te=-35/V=7851 Arch Reactor,7851,1,-35,-11.1666666667,9.7,9968,-3.3,227592,39902,-12.7777777778,2625,10.05625
118,3/14/2015 19:20,03/14/2015 19:20:00,59.5,38.48733,-89.08783,63,16302.23,53485,Ti=1/Te=-36/V=7851 Arch Reactor,7851,1,-36,-11,9.7,9560,-2.9,221837,39272,-12.9444444444,2641,10.1297348485
119,3/14/2015 19:20,03/14/2015 19:20:30,60,38.48867,-89.082,69,16428.11,53898,Ti=1/Te=-38/V=7927 Arch Reactor,7927,1,-38,-11,9.7,9560,-2.9,221837,39272,-12.9444444444,2641,10.2079545455
120,3/14/2015 19:21,03/14/2015 19:21:00,60.5,38.49033,-89.07533,69,16550.03,54298,Ti=1/Te=-38/V=7927 Arch Reactor,7927,1,-38,-10.6666666667,9.7,9172,-3.3,217500,37213,-12.5555555556,2641,10.2837121212
121,3/14/2015 19:21,03/14/2015 19:21:30,61,38.49183,-89.06883,67,16666.77,54681,Ti=1/Te=-37/V=7927 Arch Reactor,7927,1,-37,-10.6666666667,9.7,9172,-3.3,217500,37213,-12.5555555556,2641,10.35625
122,3/14/2015 19:22,03/14/2015 19:22:00,61.5,38.49283,-89.06233,74,16782.59,55061,Ti=1/Te=-36/V=7927 Arch Reactor,7927,1,-36,-10.4444444444,9.7,8796,-3,218145,40453,-12.1111111111,2656,10.428219697
123,3/14/2015 19:22,03/14/2015 19:22:30,62,38.49333,-89.05583,63,16892.63,55422,Ti=1/Te=-38/V=7927 Arch Reactor,7927,1,-38,-10.4444444444,9.7,8796,-3,218145,40453,-12.1111111111,2656,10.4965909091
124,3/14/2015 19:23,03/14/2015 19:23:00,62.5,38.49367,-89.04983,61,17006.32,55795,Ti=1/Te=-36/V=7927 Arch Reactor,7927,1,-36,-10.1111111111,9.6,8476,-3.3,209674,41300,-12.1111111111,2656,10.5672348485
125,3/14/2015 19:23,03/14/2015 19:23:30,63,38.49333,-89.044,61,17124.58,56183,Ti=1/Te=-36/V=7907 Arch Reactor,7907,1,-36,-10.1111111111,9.6,8476,-3.3,209674,41300,-12.1111111111,2656,10.640719697
126,3/14/2015 19:24,03/14/2015 19:24:00,63.5,38.49367,-89.03867,59,17248.94,56591,Ti=1/Te=-37/V=7907 Arch Reactor,7907,1,-37,-9.7777777778,9.7,8104,-3.3,197900,40085,-11.7777777778,2672,10.7179924242
127,3/14/2015 19:24,03/14/2015 19:24:30,64,38.49367,-89.03283,56,17375.73,57007,Ti=1/Te=-38/V=7907 Arch Reactor,7907,1,-38,-9.7777777778,9.7,8104,-3.3,197900,40085,-11.7777777778,2672,10.796780303
128,3/14/2015 19:25,03/14/2015 19:25:00,64.5,38.49383,-89.027,65,17495.52,57400,Ti=2/Te=-37/V=7907 Arch Reactor,7907,2,-37,-9.5,9.6,7768,-3.1,187069,38095,-11.1666666667,2672,10.8712121212
129,3/14/2015 19:25,03/14/2015 19:25:30,65,38.4935,-89.02117,57,17614.39,57790,Ti=2/Te=-35/V=7907 Arch Reactor,7907,2,-35,-9.5,9.6,7768,-3.1,187069,38095,-11.1666666667,2672,10.9450757576
130,3/14/2015 19:26,03/14/2015 19:26:00,65.5,38.49367,-89.0165,48,17740.27,58203,Ti=2/Te=-36/V=7907 Arch Reactor,7907,2,-36,-9.1111111111,9.8,7440,-3,180000,36158,-10.8888888889,2688,11.0232954545
131,3/14/2015 19:26,03/14/2015 19:26:30,66,38.4935,-89.0115,50,17864.63,58611,Ti=2/Te=-36/V=7907 Arch Reactor,7907,2,-36,-9.1111111111,9.8,7440,-3,180000,36158,-10.8888888889,2688,11.1005681818
132,3/14/2015 19:27,03/14/2015 19:27:00,66.5,38.493,-89.00683,43,17989.91,59022,Ti=2/Te=-36/V=7907 Arch Reactor,7907,2,-36,-8.6666666667,9.9,7148,-3.3,169098,31770,-10.3333333333,2688,11.1784090909
133,3/14/2015 19:28,03/14/2015 19:27:30,67,38.493,-88.99667,59,18232.53,59818,Ti=2/Te=-35/V=7907 Arch Reactor,7907,2,-35,-8.2222222222,9.9,6848,-3.4,165638,30302,-9.5555555556,2703,11.3291666667
134,3/14/2015 19:28,03/14/2015 19:28:00,67.5,38.4925,-88.99183,46,18350.18,60204,Ti=2/Te=-34/V=7907 Arch Reactor,7907,2,-34,-8.2222222222,9.9,6848,-3.4,165638,30302,-9.5555555556,2703,11.4022727273
135,3/14/2015 19:29,03/14/2015 19:28:30,68,38.492,-88.98817,37,18470.88,60600,Ti=2/Te=-33/V=7907 Arch Reactor,7907,2,-33,-7.7777777778,9.9,6552,-3.1,156727,30397,-9.0555555556,2703,11.4772727273
136,3/14/2015 19:29,03/14/2015 19:29:00,68.5,38.49167,-88.9845,39,18590.06,60991,Ti=2/Te=-35/V=7907 Arch Reactor,7907,2,-35,-7.7777777778,9.9,6552,-3.1,156727,30397,-9.0555555556,2703,11.5513257576
137,3/14/2015 19:30,03/14/2015 19:29:30,69,38.49067,-88.98083,39,18711.98,61391,Ti=2/Te=-33/V=7907 Arch Reactor,7907,2,-33,-7.2777777778,9.9,6292,-3.5,153296,29159,-8.7777777778,2719,11.6270833333
138,3/14/2015 19:30,03/14/2015 19:30:00,69.5,38.48917,-88.97767,39,18838.77,61807,Ti=2/Te=-32/V=7891 Arch Reactor,7891,2,-32,-7.2777777778,9.9,6292,-3.5,153296,29159,-8.7777777778,2719,11.7058712121
139,3/14/2015 19:31,03/14/2015 19:30:30,70,38.48767,-88.97433,28,18965.88,62224,Ti=2/Te=-33/V=7891 Arch Reactor,7891,2,-33,-6.8333333333,9.9,6024,-3.6,142402,27082,-8.2777777778,2719,11.7848484848
140,3/14/2015 19:31,03/14/2015 19:31:00,70.5,38.48683,-88.972,26,19095.72,62650,Ti=3/Te=-34/V=7891 Arch Reactor,7891,3,-34,-6.8333333333,9.9,6024,-3.6,142402,27082,-8.2777777778,2719,11.865530303
141,3/14/2015 19:32,03/14/2015 19:31:30,71,38.4865,-88.96983,31,19231.36,63095,Ti=3/Te=-34/V=7891 Arch Reactor,7891,3,-34,-6.3888888889,9.9,5752,-3.5,130888,24071,-7.6666666667,2735,11.9498106061
142,3/14/2015 19:32,03/14/2015 19:32:00,71.5,38.48633,-88.96733,28,19363.94,63530,Ti=3/Te=-33/V=7891 Arch Reactor,7891,3,-33,-6.3888888889,9.9,5752,-3.5,130888,24071,-7.6666666667,2735,12.0321969697
143,3/14/2015 19:33,03/14/2015 19:32:30,72,38.48533,-88.965,28,19489.22,63941,Ti=3/Te=-34/V=7891 Arch Reactor,7891,3,-34,-5.8888888889,9.8,5488,-3.8,121103,21103,-7.4444444444,2735,12.1100378788
144,3/14/2015 19:33,03/14/2015 19:33:00,72.5,38.4845,-88.9625,26,19629.42,64401,Ti=3/Te=-32/V=7891 Arch Reactor,7891,3,-32,-5.8888888889,9.8,5488,-3.8,121103,21103,-7.4444444444,2735,12.1971590909
145,3/14/2015 19:34,03/14/2015 19:33:30,73,38.4845,-88.96,22,19772.99,64872,Ti=3/Te=-31/V=7891 Arch Reactor,7891,3,-31,-5.4444444444,9.9,5228,-3.9,115781,19170,-6.7222222222,2750,12.2863636364
146,3/14/2015 19:34,03/14/2015 19:34:00,73.5,38.48383,-88.9575,28,19915.02,65338,Ti=3/Te=-29/V=7891 Arch Reactor,7891,3,-29,-5.4444444444,9.9,5228,-3.9,115781,19170,-6.7222222222,2750,12.3746212121
147,3/14/2015 19:35,03/14/2015 19:34:30,74,38.48217,-88.95567,30,20077.48,65871,Ti=3/Te=-29/V=7891 Arch Reactor,7891,3,-29,-4.8888888889,10.1,4960,-3.9,108647,17033,-6.0555555556,2750,12.4755681818
148,3/14/2015 19:35,03/14/2015 19:35:00,74.5,38.4815,-88.954,22,20227.44,66363,Ti=3/Te=-28/V=7891 Arch Reactor,7891,3,-28,-4.8888888889,10.1,4960,-3.9,108647,17033,-6.0555555556,2750,12.56875
149,3/14/2015 19:36,03/14/2015 19:35:30,75,38.481,-88.9515,31,20350.28,66766,Ti=4/Te=-30/V=7891 Arch Reactor,7891,4,-30,-4.3888888889,9.9,4724,-4.5,103656,16719,-5.1666666667,2766,12.6450757576
150,3/14/2015 19:37,03/14/2015 19:37:00,76.5,38.479,-88.94483,41,20594.12,67566,Ti=4/Te=-26/V=7891 Arch Reactor,7891,4,-26,-3.8333333333,10.4,4508,-4.1,90381,12559,-4.9444444444,2766,12.7965909091
151,3/14/2015 19:37,03/14/2015 19:37:30,77,38.4775,-88.94283,26,20712.68,67955,Ti=4/Te=-28/V=7891 Arch Reactor,7891,4,-28,-3.8333333333,10.4,4508,-4.1,90381,12559,-4.9444444444,2766,12.8702651515
152,3/14/2015 19:38,03/14/2015 19:38:00,77.5,38.47567,-88.94217,24,20835.82,68359,Ti=4/Te=-27/V=7891 Arch Reactor,7891,4,-27,-3.2777777778,10.4,4336,-4.2,81111,10090,-4.2777777778,2781,12.946780303
153,3/14/2015 19:38,03/14/2015 19:38:30,78,38.47417,-88.94117,22,20965.06,68783,Ti=4/Te=-26/V=7891 Arch Reactor,7891,4,-26,-3.2777777778,10.4,4336,-4.2,81111,10090,-4.2777777778,2781,13.0270833333
154,3/14/2015 19:39,03/14/2015 19:39:00,78.5,38.47317,-88.9395,24,21103.44,69237,Ti=4/Te=-26/V=7891 Arch Reactor,7891,4,-26,-2.7222222222,10.4,4140,-4.2,75731,8658,-3.3888888889,2781,13.1130681818
155,3/14/2015 19:39,03/14/2015 19:39:30,79,38.47233,-88.937,33,21243.65,69697,Ti=4/Te=-28/V=7891 Arch Reactor,7891,4,-28,-2.7222222222,10.4,4140,-4.2,75731,8658,-3.3888888889,2781,13.2001893939
156,3/14/2015 19:40,03/14/2015 19:40:00,79.5,38.47083,-88.93167,35,21505.77,70557,Ti=4/Te=-26/V=7891 Arch Reactor,7891,4,-26,-2.2222222222,10.4,3956,-4.1,69052,7347,-2.9444444444,2797,13.3630681818
157,3/14/2015 19:41,03/14/2015 19:40:30,80,38.47017,-88.9295,20,21636.84,70987,Ti=5/Te=-27/V=7871 Arch Reactor,7871,5,-27,-1.7222222222,10.4,3768,-4.4,65452,6504,-2.8888888889,2797,13.4445075758
158,3/14/2015 19:41,03/14/2015 19:41:00,80.5,38.4695,-88.92783,13,21760.89,71394,Ti=5/Te=-23/V=7871 Arch Reactor,7871,5,-23,-1.7222222222,10.4,3768,-4.4,65452,6504,-2.8888888889,2797,13.5215909091
159,3/14/2015 19:42,03/14/2015 19:41:30,81,38.469,-88.92633,20,21886.16,71805,Ti=5/Te=-24/V=7871 Arch Reactor,7871,5,-24,-1.2222222222,10.9,3620,-4.3,59946,5564,-1.8888888889,2813,13.5994318182
160,3/14/2015 19:42,03/14/2015 19:42:00,81.5,38.46867,-88.92533,4,22009.91,72211,Ti=5/Te=-25/V=7851 Arch Reactor,7851,5,-25,-1.2222222222,10.9,3620,-4.3,59946,5564,-1.8888888889,2813,13.6763257576
161,3/14/2015 19:43,03/14/2015 19:42:30,82,38.46883,-88.9245,2,22137.01,72628,Ti=5/Te=-24/V=7871 Arch Reactor,7871,5,-24,-0.7777777778,10.8,3460,-4.1,57697,4862,-1.4444444444,2813,13.7553030303
162,3/14/2015 19:43,03/14/2015 19:43:00,82.5,38.46917,-88.92433,6,22255.28,73016,Ti=5/Te=-22/V=7871 Arch Reactor,7871,5,-22,-0.7777777778,10.8,3460,-4.1,57697,4862,-1.4444444444,2813,13.8287878788
163,3/14/2015 19:44,03/14/2015 19:43:30,83,38.47017,-88.923,26,22396.4,73479,Ti=5/Te=-22/V=7871 Arch Reactor,7871,5,-22,-0.2777777778,10.8,3308,-4.2,54523,4390,-1.0555555556,2828,13.9164772727
164,3/14/2015 19:44,03/14/2015 19:44:00,83.5,38.471,-88.92117,30,22534.47,73932,Ti=5/Te=-23/V=7871 Arch Reactor,7871,5,-23,-0.2777777778,10.8,3308,-4.2,54523,4390,-1.0555555556,2828,14.0022727273
165,3/14/2015 19:45,03/14/2015 19:44:30,84,38.47183,-88.91883,20,22678.64,74405,Ti=6/Te=-22/V=7871 Arch Reactor,7871,6,-22,0.1666666667,10.7,3156,-4.8,53668,3736,-0.7777777778,2844,14.0918560606
166,3/14/2015 19:45,03/14/2015 19:45:00,84.5,38.47233,-88.91683,20,22809.71,74835,Ti=6/Te=-22/V=7891 Arch Reactor,7891,6,-22,0.1666666667,10.7,3156,-4.8,53668,3736,-0.7777777778,2844,14.1732954545
167,3/14/2015 19:46,03/14/2015 19:45:30,85,38.47267,-88.915,22,22942.3,75270,Ti=6/Te=-20/V=7891 Arch Reactor,7891,6,-20,0.6666666667,11,2984,-4.8,47898,3402,-0.5555555556,2844,14.2556818182
168,3/14/2015 19:46,03/14/2015 19:46:00,85.5,38.4725,-88.91283,20,23082.81,75731,Ti=6/Te=-21/V=7871 Arch Reactor,7871,6,-21,0.6666666667,11,2984,-4.8,47898,3402,-0.5555555556,2844,14.3429924242
169,3/14/2015 19:47,03/14/2015 19:46:30,86,38.472,-88.9115,28,23216.01,76168,Ti=6/Te=-19/V=7871 Arch Reactor,7871,6,-19,1.1111111111,10.9,2832,-4.2,49921,2946,-0.2222222222,2860,14.4257575758
170,3/14/2015 19:47,03/14/2015 19:47:00,86.5,38.47083,-88.90933,33,23354.69,76623,Ti=6/Te=-20/V=7871 Arch Reactor,7871,6,-20,1.1111111111,10.9,2832,-4.2,49921,2946,-0.2222222222,2860,14.5119318182
171,3/14/2015 19:48,03/14/2015 19:47:30,87,38.46967,-88.90783,9,23482.1,77041,Ti=6/Te=-19/V=7871 Arch Reactor,7871,6,-19,1.5555555556,10.8,2704,-4.5,47077,2618,0.0555555556,2860,14.5910984848
172,3/14/2015 19:48,03/14/2015 19:48:00,87.5,38.46933,-88.907,9,23620.78,77496,Ti=6/Te=-22/V=7871 Arch Reactor,7871,6,-22,1.5555555556,10.8,2704,-4.5,47077,2618,0.0555555556,2860,14.6772727273
173,3/14/2015 19:49,03/14/2015 19:48:30,88,38.4695,-88.9065,7,23753.67,77932,Ti=6/Te=-22/V=7871 Arch Reactor,7871,6,-22,1.9444444444,10.9,2584,-4.3,48081,2463,0.5,2875,14.7598484848
174,3/14/2015 19:49,03/14/2015 19:49:00,88.5,38.46867,-88.90567,20,23903.64,78424,Ti=6/Te=-21/V=7871 Arch Reactor,7871,6,-21,1.9444444444,10.9,2584,-4.3,48081,2463,0.5,2875,14.853030303
175,3/14/2015 19:50,03/14/2015 19:49:30,89,38.46783,-88.90483,15,24050.24,78905,Ti=7/Te=-19/V=7871 Arch Reactor,7871,7,-19,2.3888888889,11,2460,-4.9,47898,2233,1.0555555556,2891,14.9441287879
176,3/14/2015 19:50,03/14/2015 19:50:00,89.5,38.46717,-88.904,11,24195.63,79382,Ti=7/Te=-18/V=7871 Arch Reactor,7871,7,-18,2.3888888889,11,2460,-4.9,47898,2233,1.0555555556,2891,15.034469697
177,3/14/2015 19:51,03/14/2015 19:50:30,90,38.46717,-88.9035,6,24326.39,79811,Ti=7/Te=-20/V=7871 Arch Reactor,7871,7,-20,2.8333333333,10.9,2344,-4.8,48172,2019,1.3888888889,2891,15.115719697
178,3/14/2015 19:51,03/14/2015 19:51:00,90.5,38.46767,-88.903,20,24477.27,80306,Ti=7/Te=-22/V=7871 Arch Reactor,7871,7,-22,2.8333333333,10.9,2344,-4.8,48172,2019,1.3888888889,2891,15.209469697
179,3/14/2015 19:52,03/14/2015 19:51:30,91,38.468,-88.90217,11,24616.26,80762,Ti=7/Te=-20/V=7871 Arch Reactor,7871,7,-20,3.1666666667,11,2204,-4.7,45179,1835,1.8888888889,2906,15.2958333333
180,3/14/2015 19:52,03/14/2015 19:52:00,91.5,38.46733,-88.90133,17,24751.59,81206,Ti=7/Te=-19/V=7871 Arch Reactor,7871,7,-19,3.1666666667,11,2204,-4.7,45179,1835,1.8888888889,2906,15.3799242424
181,3/14/2015 19:53,03/14/2015 19:52:30,92,38.46683,-88.9005,4,24885.7,81646,Ti=7/Te=-18/V=7871 Arch Reactor,7871,7,-18,3.5555555556,11.1,2104,-4.8,45809,1640,2.1666666667,2906,15.4632575758
182,3/14/2015 19:53,03/14/2015 19:53:00,92.5,38.46683,-88.90017,7,25025.6,82105,Ti=7/Te=-17/V=7871 Arch Reactor,7871,7,-17,3.5555555556,11.1,2104,-4.8,45809,1640,2.1666666667,2906,15.5501893939
183,3/14/2015 19:54,03/14/2015 19:53:30,93,38.46733,-88.89933,20,25165.51,82564,Ti=7/Te=-16/V=7871 Arch Reactor,7871,7,-16,3.9444444444,11.1,2012,-4.8,47350,1520,2.3333333333,2922,15.6371212121
184,3/14/2015 19:54,03/14/2015 19:54:00,93.5,38.46833,-88.89783,24,25303.58,83017,Ti=7/Te=-13/V=7871 Arch Reactor,7871,7,-13,3.9444444444,11.1,2012,-4.8,47350,1520,2.3333333333,2922,15.7229166667
185,3/14/2015 19:55,03/14/2015 19:54:30,94,38.46817,-88.89617,19,25447.14,83488,Ti=7/Te=-15/V=7871 Arch Reactor,7871,7,-15,4.3333333333,11,1888,-5,48172,1417,2.8333333333,2938,15.8121212121
186,3/14/2015 19:55,03/14/2015 19:55:00,94.5,38.46817,-88.89433,17,25598.63,83985,Ti=7/Te=-14/V=7871 Arch Reactor,7871,7,-14,4.3333333333,11,1888,-5,48172,1417,2.8333333333,2938,15.90625
187,3/14/2015 19:56,03/14/2015 19:55:30,95,38.468,-88.893,15,25744.63,84464,Ti=7/Te=-13/V=7871 Arch Reactor,7871,7,-13,4.6666666667,10.9,1796,-5.1,50292,1326,3.1111111111,2938,15.996969697
188,3/14/2015 19:56,03/14/2015 19:56:00,95.5,38.46717,-88.8915,15,25891.54,84946,Ti=7/Te=-13/V=7871 Arch Reactor,7871,7,-13,4.6666666667,10.9,1796,-5.1,50292,1326,3.1111111111,2938,16.0882575758
189,3/14/2015 19:57,03/14/2015 19:56:30,96,38.467,-88.89067,9,26031.75,85406,Ti=8/Te=-12/V=7871 Arch Reactor,7871,8,-12,5,10.7,1696,-5,51036,1235,3.4444444444,2953,16.1753787879
190,3/14/2015 19:57,03/14/2015 19:57:00,96.5,38.4675,-88.88933,24,26164.03,85840,Ti=8/Te=-12/V=7871 Arch Reactor,7871,8,-12,5,10.7,1696,-5,51036,1235,3.4444444444,2953,16.2575757576
191,3/14/2015 19:58,03/14/2015 19:57:30,97,38.46883,-88.88733,33,26299.36,86284,Ti=8/Te=-13/V=7871 Arch Reactor,7871,8,-13,5.3333333333,10.8,1612,-4.8,51877,1185,3.7777777778,2953,16.3416666667
192,3/14/2015 19:58,03/14/2015 19:58:00,97.5,38.4695,-88.885,19,26422.5,86688,Ti=8/Te=-9/V=7871 Arch Reactor,7871,8,-9,5.3333333333,10.8,1612,-4.8,51877,1185,3.7777777778,2953,16.4181818182
193,3/14/2015 19:59,03/14/2015 19:58:30,98,38.47,-88.8835,19,26558.75,87135,Ti=8/Te=-10/V=7871 Arch Reactor,7871,8,-10,5.7222222222,10.8,1532,-5.1,52535,1110,4.3888888889,2953,16.5028409091
194,3/14/2015 19:59,03/14/2015 19:59:00,98.5,38.47133,-88.8825,17,26698.04,87592,Ti=8/Te=-14/V=7871 Arch Reactor,7871,8,-14,5.7222222222,10.8,1532,-5.1,52535,1110,4.3888888889,2953,16.5893939394
195,3/14/2015 20:00,03/14/2015 19:59:30,99,38.47283,-88.88217,19,26839.47,88056,Ti=8/Te=-10/V=7851 Arch Reactor,7851,8,-10,6.0555555556,10.7,1452,-5.1,53194,1036,4.8333333333,2969,16.6772727273
196,3/14/2015 20:00,03/14/2015 20:00:00,99.5,38.475,-88.88083,39,26985.47,88535,Ti=8/Te=-13/V=7871 Arch Reactor,7871,8,-13,6.0555555556,10.7,1452,-5.1,53194,1036,4.8333333333,2969,16.7679924242
197,3/14/2015 20:01,03/14/2015 20:00:30,100,38.4775,-88.8795,35,27132.99,89019,Ti=8/Te=-12/V=7871 Arch Reactor,7871,8,-12,6.3888888889,10.7,1376,-5.1,54237,972,5.1111111111,2985,16.8596590909
198,3/14/2015 20:01,03/14/2015 20:01:00,100.5,38.47983,-88.87867,33,27297.5,89559,Ti=8/Te=-9/V=7871 Arch Reactor,7871,8,-9,6.3888888889,10.7,1376,-5.1,54237,972,5.1111111111,2985,16.9619318182
199,3/14/2015 20:02,03/14/2015 20:01:30,101,38.4825,-88.87867,35,27462.18,90099,Ti=8/Te=-10/V=7871 Arch Reactor,7871,8,-10,6.7222222222,10.6,1284,-5,57891,929,5.3888888889,2985,17.0642045455
200,3/14/2015 20:02,03/14/2015 20:02:00,101.5,38.48517,-88.87817,28,27622.8,90626,Ti=9/Te=-9/V=7871 Arch Reactor,7871,9,-9,6.7222222222,10.6,1284,-5,57891,929,5.3888888889,2985,17.1640151515
201,3/14/2015 20:03,03/14/2015 20:02:30,102,38.48733,-88.87683,39,27775.8,91128,Ti=9/Te=-9/V=7851 Arch Reactor,7851,9,-9,7.0555555556,10.6,1208,-5.1,55478,875,5.8333333333,3000,17.2590909091
202,3/14/2015 20:03,03/14/2015 20:03:00,102.5,38.4895,-88.87517,35,27933.09,91644,Ti=9/Te=-10/V=7871 Arch Reactor,7871,9,-10,7.0555555556,10.6,1208,-5.1,55478,875,5.8333333333,3000,17.3568181818
203,3/14/2015 20:04,03/14/2015 20:03:30,103,38.49183,-88.873,41,28082.1,92133,Ti=9/Te=-8/V=7851 Arch Reactor,7851,9,-8,7.3888888889,10.6,1128,-5.1,58964,832,6.0555555556,3000,17.4494318182
204,3/14/2015 20:04,03/14/2015 20:04:00,103.5,38.49333,-88.87067,22,28233.3,92629,Ti=9/Te=-8/V=7851 Arch Reactor,7851,9,-8,7.3888888889,10.6,1128,-5.1,58964,832,6.0555555556,3000,17.5433712121
205,3/14/2015 20:05,03/14/2015 20:04:30,104,38.494,-88.8685,22,28379.93,93110,Ti=9/Te=-10/V=7851 Arch Reactor,7851,9,-10,7.7222222222,10.5,1072,-4.8,57212,779,6.5,3000,17.634469697
206,3/14/2015 20:05,03/14/2015 20:05:00,104.5,38.49483,-88.86667,26,28524.71,93585,Ti=9/Te=-12/V=7871 Arch Reactor,7871,9,-12,7.7222222222,10.5,1072,-4.8,57212,779,6.5,3000,17.7244318182
207,3/14/2015 20:06,03/14/2015 20:05:30,105,38.49533,-88.864,30,28665.8,94048,Ti=9/Te=-9/V=7851 Arch Reactor,7851,9,-9,8,10.5,1012,-5.2,59847,736,6.7777777778,3016,17.8121212121
208,3/14/2015 20:06,03/14/2015 20:06:00,105.5,38.49533,-88.8615,31,28815.7,94540,Ti=9/Te=-9/V=7851 Arch Reactor,7851,9,-9,8,10.5,1012,-5.2,59847,736,6.7777777778,3016,17.9053030303
209,3/14/2015 20:07,03/14/2015 20:06:30,106,38.49467,-88.85933,26,28963,95023,Ti=9/Te=-8/V=7851 Arch Reactor,7851,9,-8,8.3333333333,10.5,952,-5.6,61032,703,7.0555555556,3016,17.996780303
210,3/14/2015 20:07,03/14/2015 20:07:00,106.5,38.493,-88.8585,20,29106.2,95493,Ti=9/Te=-6/V=7871 Arch Reactor,7871,9,-6,8.3333333333,10.5,952,-5.6,61032,703,7.0555555556,3016,18.0857954545
211,3/14/2015 20:08,03/14/2015 20:07:30,107,38.4905,-88.857,15,29393.39,96435,Ti=10/Te=-6/V=7871 Arch Reactor,7871,10,-6,8.5,10.4,892,-5.4,60439,660,7.2777777778,3031,18.2642045455
212,3/14/2015 20:09,03/14/2015 20:09:00,108.5,38.4895,-88.85733,6,29543.04,96926,Ti=10/Te=-4/V=7871 Arch Reactor,7871,10,-4,8.8333333333,10.4,840,-5.2,58964,632,8,3031,18.3571969697
213,3/14/2015 20:09,03/14/2015 20:09:30,109,38.4885,-88.85617,11,29680.81,97378,Ti=10/Te=-3/V=7871 Arch Reactor,7871,10,-3,8.8333333333,10.4,840,-5.2,58964,632,8,3031,18.4428030303
214,3/14/2015 20:10,03/14/2015 20:10:00,109.5,38.48783,-88.85583,11,29814.93,97818,Ti=10/Te=-6/V=7871 Arch Reactor,7871,10,-6,9.1111111111,10.4,792,-5.3,61728,594,8.0555555556,3047,18.5261363636
215,3/14/2015 20:10,03/14/2015 20:10:30,110,38.488,-88.85667,7,29955.74,98280,Ti=10/Te=-7/V=7871 Arch Reactor,7871,10,-7,9.1111111111,10.4,792,-5.3,61728,594,8.0555555556,3047,18.6136363636
216,3/14/2015 20:11,03/14/2015 20:11:00,110.5,38.4885,-88.858,17,30085.28,98705,Ti=10/Te=-3/V=7871 Arch Reactor,7871,10,-3,9.4444444444,10.4,740,-5.4,60439,571,8.3888888889,3047,18.6941287879
217,3/14/2015 20:11,03/14/2015 20:11:30,111,38.48933,-88.85933,24,30214.52,99129,Ti=10/Te=-1/V=7871 Arch Reactor,7871,10,-1,9.4444444444,10.4,740,-5.4,60439,571,8.3888888889,3047,18.7744318182
218,3/14/2015 20:12,03/14/2015 20:12:00,111.5,38.49067,-88.86017,26,30344.36,99555,Ti=11/Te=-2/V=7871 Arch Reactor,7871,11,-2,9.7222222222,10.4,696,-5.2,59062,552,8.9444444444,3047,18.8551136364
219,3/14/2015 20:12,03/14/2015 20:12:30,112,38.49167,-88.86,17,30480.6,100002,Ti=11/Te=0/V=7871 Arch Reactor,7871,11,0,9.7222222222,10.4,696,-5.2,59062,552,8.9444444444,3047,18.9397727273
220,3/14/2015 20:13,03/14/2015 20:13:00,112.5,38.49217,-88.8575,28,30626.3,100480,Ti=11/Te=0/V=7871 Arch Reactor,7871,11,0,10,10.4,656,-5.4,60735,534,9.2777777778,3063,19.0303030303
221,3/14/2015 20:13,03/14/2015 20:13:30,113,38.4925,-88.8555,26,30772.61,100960,Ti=11/Te=-1/V=7871 Arch Reactor,7871,11,-1,10,10.4,656,-5.4,60735,534,9.2777777778,3063,19.1212121212
222,3/14/2015 20:14,03/14/2015 20:14:00,113.5,38.4925,-88.8535,26,30921.6,101449,Ti=11/Te=1/V=7871 Arch Reactor,7871,11,1,10.2777777778,10.3,616,-4.7,63328,520,9.5,3063,19.2138257576
223,3/14/2015 20:14,03/14/2015 20:14:30,114,38.49283,-88.851,30,31068.5,101931,Ti=11/Te=3/V=7871 Arch Reactor,7871,11,3,10.2777777778,10.3,616,-4.7,63328,520,9.5,3063,19.3051136364
224,3/14/2015 20:15,03/14/2015 20:15:00,114.5,38.49317,-88.84783,28,31212.7,102404,Ti=11/Te=2/V=7871 Arch Reactor,7871,11,2,10.5555555556,10.3,576,-5.1,60143,496,10.1666666667,3063,19.3946969697
225,3/14/2015 20:15,03/14/2015 20:15:30,115,38.49383,-88.84517,28,31354.1,102868,Ti=11/Te=0/V=7871 Arch Reactor,7871,11,0,10.5555555556,10.3,576,-5.1,60143,496,10.1666666667,3063,19.4825757576
226,3/14/2015 20:16,03/14/2015 20:16:00,115.5,38.49483,-88.84333,19,31489.19,103311,Ti=11/Te=-3/V=7871 Arch Reactor,7871,11,-3,10.8333333333,10.4,536,-5.4,57697,482,10.5,3078,19.5664772727
227,3/14/2015 20:16,03/14/2015 20:16:30,116,38.49633,-88.84233,22,31630.01,103773,Ti=11/Te=-3/V=7871 Arch Reactor,7871,11,-3,10.8333333333,10.4,536,-5.4,57697,482,10.5,3078,19.6539772727
228,3/14/2015 20:17,03/14/2015 20:17:00,116.5,38.49733,-88.84133,20,31770.22,104233,Ti=11/Te=-1/V=7871 Arch Reactor,7871,11,-1,11.1111111111,10.4,500,-5.3,57502,464,10.6111111111,3078,19.7410984848
229,3/14/2015 20:17,03/14/2015 20:17:30,117,38.498,-88.84033,20,31910.7,104694,Ti=12/Te=0/V=7871 Arch Reactor,7871,12,0,11.1111111111,10.4,500,-5.3,57502,464,10.6111111111,3078,19.8284090909
230,3/14/2015 20:18,03/14/2015 20:18:00,117.5,38.4975,-88.839,22,32051.8,105157,Ti=12/Te=0/V=7871 Arch Reactor,7871,12,0,11.3888888889,10.4,472,-5.1,56632,450,11.0555555556,3078,19.9160984848
231,3/14/2015 20:18,03/14/2015 20:18:30,118,38.49567,-88.837,31,32188.4,105605,Ti=12/Te=-1/V=7871 Arch Reactor,7871,12,-1,11.3888888889,10.4,472,-5.1,56632,450,11.0555555556,3078,20.0009469697
232,3/14/2015 20:19,03/14/2015 20:19:00,118.5,38.49417,-88.83617,15,32318.5,106032,Ti=12/Te=0/V=7871 Arch Reactor,7871,12,0,11.6666666667,10.4,436,-5.3,54237,427,11.4444444444,3094,20.0818181818
233,3/14/2015 20:19,03/14/2015 20:19:30,119,38.493,-88.83567,19,32448.4,106458,Ti=12/Te=0/V=7871 Arch Reactor,7871,12,0,11.6666666667,10.4,436,-5.3,54237,427,11.4444444444,3094,20.1625
234,3/14/2015 20:20,03/14/2015 20:20:00,119.5,38.4915,-88.835,22,32573,106867,Ti=12/Te=2/V=7871 Arch Reactor,7871,12,2,11.9444444444,10.4,408,-5.6,56535,418,11.6111111111,3094,20.2399621212
235,3/14/2015 20:20,03/14/2015 20:20:30,120,38.49033,-88.83433,13,32695.5,107269,Ti=12/Te=2/V=7871 Arch Reactor,7871,12,2,11.9444444444,10.4,408,-5.6,56535,418,11.6111111111,3094,20.3160984848
236,3/14/2015 20:21,03/14/2015 20:21:00,120.5,38.48983,-88.834,4,32815.9,107664,Ti=12/Te=2/V=7871 Arch Reactor,7871,12,2,12.2222222222,10.4,372,-5.1,54713,409,11.8888888889,3110,20.3909090909
237,3/14/2015 20:21,03/14/2015 20:21:30,121,38.49,-88.83317,15,32930.5,108040,Ti=12/Te=4/V=7871 Arch Reactor,7871,12,4,12.2222222222,10.4,372,-5.1,54713,409,11.8888888889,3110,20.4621212121
238,3/14/2015 20:22,03/14/2015 20:22:00,121.5,38.48967,-88.832,9,33036.6,108388,Ti=12/Te=6/V=7871 Arch Reactor,7871,12,6,12.4444444444,10.4,348,-5.4,54523,399,12.5,3110,20.528030303
239,3/14/2015 20:22,03/14/2015 20:22:30,122,38.48933,-88.83167,9,33139,108724,Ti=13/Te=7/V=7871 Arch Reactor,7871,13,7,12.4444444444,10.4,348,-5.4,54523,399,12.5,3110,20.5916666667
240,3/14/2015 20:23,03/14/2015 20:23:00,122.5,38.48883,-88.83233,11,33257.6,109113,Ti=13/Te=8/V=7871 Arch Reactor,7871,13,8,12.7222222222,10.5,328,-5.4,57502,386,12.7222222222,3110,20.6653409091
241,3/14/2015 20:23,03/14/2015 20:23:30,123,38.4885,-88.8325,11,32532.2,106733,Ti=13/Te=1/V=7673 Arch Reactor,7673,13,1,12.7222222222,10.5,328,-5.4,57502,386,12.7222222222,3110,20.2145833333
242,3/14/2015 20:24,03/14/2015 20:24:00,123.5,38.4885,-88.83083,33,31160.31,102232,Ti=13/Te=-4/V=7790 Arch Reactor,7790,13,-4,12.9444444444,10,552,-3.3,58086,381,13,3110,19.3621212121
243,3/14/2015 20:25,03/14/2015 20:24:30,124,38.48883,-88.82933,24,28778.91,94419,Ti=13/Te=-14/V=7851 Arch Reactor,7851,13,-14,13.2222222222,9.5,960,-3.2,75948,427,12.9444444444,3110,17.8823863636
244,3/14/2015 20:25,03/14/2015 20:25:00,124.5,38.489,-88.8275,19,27631.95,90656,Ti=13/Te=-17/V=7851 Arch Reactor,7851,13,-17,13.2222222222,9.5,960,-3.2,75948,427,12.9444444444,3110,17.1696969697
245,3/14/2015 20:26,03/14/2015 20:25:30,125,38.491,-88.8255,19,25688.54,84280,Ti=13/Te=-21/V=7871 Arch Reactor,7871,13,-21,13.4444444444,9.2,1504,-3.2,95866,482,12,3110,15.9621212121
246,3/14/2015 20:27,03/14/2015 20:27:00,126.5,38.49183,-88.82383,11,24782.37,81307,Ti=13/Te=-23/V=7871 Arch Reactor,7871,13,-23,13.6111111111,9,2136,-3.9,117539,562,11.3888888889,3110,15.3990530303
247,3/14/2015 20:27,03/14/2015 20:27:30,127,38.49167,-88.82317,6,23939.91,78543,Ti=13/Te=-26/V=7871 Arch Reactor,7871,13,-26,13.6111111111,9,2136,-3.9,117539,562,11.3888888889,3110,14.8755681818
248,3/14/2015 20:28,03/14/2015 20:28:00,127.5,38.49,-88.82217,26,23148.95,75948,Ti=13/Te=-27/V=7871 Arch Reactor,7871,13,-27,13.6666666667,8.9,2904,-4.1,125298,660,10.3333333333,3110,14.3840909091
249,3/14/2015 20:28,03/14/2015 20:28:30,128,38.48917,-88.8195,24,22386.65,73447,Ti=13/Te=-28/V=7871 Arch Reactor,7871,13,-28,13.6666666667,8.9,2904,-4.1,125298,660,10.3333333333,3110,13.9104166667
250,3/14/2015 20:29,03/14/2015 20:29:00,128.5,38.49,-88.81817,26,21668.84,71092,Ti=13/Te=-31/V=7891 Arch Reactor,7891,13,-31,13.6666666667,8.8,3776,-4.4,137537,784,9.5555555556,3110,13.4643939394
251,3/14/2015 20:29,03/14/2015 20:29:30,129,38.49033,-88.81617,4,20958.35,68761,Ti=13/Te=-33/V=7871 Arch Reactor,7871,13,-33,13.6666666667,8.8,3776,-4.4,137537,784,9.5555555556,3110,13.0229166667
252,3/14/2015 20:30,03/14/2015 20:30:00,129.5,38.48983,-88.81417,19,20249.39,66435,Ti=13/Te=-34/V=7871 Arch Reactor,7871,13,-34,13.5,8.6,4796,-4,146283,909,8.3888888889,3094,12.5823863636
253,3/14/2015 20:30,03/14/2015 20:30:30,130,38.4895,-88.81217,28,19608.39,64332,Ti=13/Te=-36/V=7871 Arch Reactor,7871,13,-36,13.5,8.6,4796,-4,146283,909,8.3888888889,3094,12.1840909091
254,3/14/2015 20:31,03/14/2015 20:31:00,130.5,38.48867,-88.8095,41,18947.28,62163,Ti=13/Te=-39/V=7871 Arch Reactor,7871,13,-39,13.2222222222,8.5,6024,-3.9,157056,1061,7,3078,11.7732954545
255,3/14/2015 20:31,03/14/2015 20:31:30,131,38.487,-88.806,50,18315.43,60090,Ti=12/Te=-39/V=7871 Arch Reactor,7871,12,-39,13.2222222222,8.5,6024,-3.9,157056,1061,7,3078,11.3806818182
256,3/14/2015 20:32,03/14/2015 20:32:00,131.5,38.486,-88.80117,57,17746.37,58223,Ti=12/Te=-39/V=7851 Arch Reactor,7851,12,-39,12.8333333333,8.4,7372,-4.3,170498,1215,5.7777777778,3063,11.0270833333
257,3/14/2015 20:32,03/14/2015 20:32:30,132,38.48617,-88.79517,63,17150.18,56267,Ti=12/Te=-41/V=7871 Arch Reactor,7871,12,-41,12.8333333333,8.4,7372,-4.3,170498,1215,5.7777777778,3063,10.6566287879
258,3/14/2015 20:33,03/14/2015 20:33:00,132.5,38.48567,-88.78833,78,16553.69,54310,Ti=12/Te=-41/V=7871 Arch Reactor,7871,12,-41,12.3333333333,8.3,9044,-3.6,185187,1392,4.1111111111,3047,10.2859848485
259,3/14/2015 20:33,03/14/2015 20:33:30,133,38.48617,-88.7815,76,15970.61,52397,Ti=11/Te=-41/V=7871 Arch Reactor,7871,11,-41,12.3333333333,8.3,9044,-3.6,185187,1392,4.1111111111,3047,9.9236742424
260,3/14/2015 20:34,03/14/2015 20:34:00,133.5,38.4875,-88.7735,85,15408.25,50552,Ti=11/Te=-41/V=7851 Arch Reactor,7851,11,-41,11.5555555556,8.2,10968,-3.7,185000,1614,2.7777777778,3016,9.5742424242
261,3/14/2015 20:34,03/14/2015 20:34:30,134,38.488,-88.76567,91,14876.98,48809,Ti=10/Te=-40/V=7851 Arch Reactor,7851,10,-40,11.5555555556,8.2,10968,-3.7,185000,1614,2.7777777778,3016,9.2441287879
262,3/14/2015 20:35,03/14/2015 20:35:00,134.5,38.49117,-88.74683,10,13811.71,45314,Ti=9/Te=-38/V=7830 Arch Reactor,7830,9,-38,10.5555555556,8.1,13096,-4.2,207190,1878,1.0555555556,2985,8.5821969697
263,3/14/2015 20:36,03/14/2015 20:35:30,135,38.49283,-88.73633,11,13288.06,43596,Ti=8/Te=-38/V=7830 Arch Reactor,7830,8,-38,9.3333333333,8,15508,-3.8,228040,2216,-0.3888888889,2938,8.2568181818
264,3/14/2015 20:37,03/14/2015 20:37:00,136.5,38.49783,-88.71517,12,12276.73,40278,Ti=7/Te=-40/V=7810 Arch Reactor,7810,7,-40,7.9444444444,7.8,18228,-3.6,241165,2623,-2.6666666667,2891,7.6284090909
265,3/14/2015 20:37,03/14/2015 20:37:30,137,38.49983,-88.70417,12,11723.22,38462,Ti=6/Te=-43/V=7770 Arch Reactor,7770,6,-43,7.9444444444,7.8,18228,-3.6,241165,2623,-2.6666666667,2891,7.284469697
266,3/14/2015 20:38,03/14/2015 20:38:00,137.5,38.50033,-88.68983,72,10430.26,34220,Ti=3/Te=-42/V=7790 Arch Reactor,7790,3,-42,5.0555555556,7.5,21996,-2.9,270395,3248,-6.8333333333,2844,6.4810606061
267,3/14/2015 20:39,03/14/2015 20:38:30,138,38.501,-88.683,72,9902.04,32487,Ti=2/Te=-39/V=7770 Arch Reactor,7770,2,-39,1.1111111111,7.3,26480,-2.7,306459,4289,-12.1111111111,2735,6.1528409091
268,3/14/2015 20:39,03/14/2015 20:39:00,138.5,38.50117,-88.67617,76,9336.63,30632,Ti=1/Te=-35/V=7750 Arch Reactor,7750,1,-35,1.1111111111,7.3,26480,-2.7,306459,4289,-12.1111111111,2735,5.8015151515
269,3/14/2015 20:41,03/14/2015 20:39:30,139,38.50567,-88.65383,87,7635.85,25052,Ti=0/Te=-24/V=7750 Arch Reactor,7750,0,-24,-1.3888888889,7.8,31464,-3.4,325075,5333,-14.6111111111,2563,4.7446969697
270,3/14/2015 20:41,03/14/2015 20:41:00,140.5,38.50683,-88.64683,76,7138.72,23421,Ti=-1/Te=-21/V=7714 Arch Reactor,7714,-1,-21,-1.3888888889,7.8,31464,-3.4,325075,5333,-14.6111111111,2563,4.4357954545
271,3/14/2015 20:41,03/14/2015 20:41:30,141,38.5075,-88.64033,67,6594.65,21636,Ti=-1/Te=-17/V=7714 Arch Reactor,7714,-1,-17,-3.8888888889,9.8,37140,-3.3,402536,6569,-15.1111111111,2438,4.0977272727
272,3/14/2015 20:42,03/14/2015 20:42:00,141.5,38.50383,-88.63317,41,5493.41,18023,Ti=-4/Te=-13/V=7673 Arch Reactor,7673,-4,-13,-5.5,14.7,42976,-2.9,491991,7981,-13.5555555556,2391,3.4134469697
273,3/14/2015 20:43,03/14/2015 20:42:30,142,38.50117,-88.63183,46,5011.22,16441,Ti=-2/Te=-10/V=7693 Arch Reactor,7693,-2,-10,-6.6666666667,21.6,50204,-3.5,631835,8842,-16,2359,3.1138257576
274,3/14/2015 20:43,03/14/2015 20:43:00,142.5,38.49733,-88.63083,56,4665.57,15307,Ti=-2/Te=-8/V=7693 Arch Reactor,7693,-2,-8,-6.6666666667,21.6,50204,-3.5,631835,8842,-16,2359,2.8990530303
275,3/14/2015 20:44,03/14/2015 20:43:30,143,38.49283,-88.6305,57,4346.45,14260,Ti=-2/Te=-5/V=7693 Arch Reactor,7693,-2,-5,-7.0555555556,15.8,56268,-3.5,716306,12012,-15.6111111111,2359,2.7007575758
276,3/14/2015 20:44,03/14/2015 20:44:00,143.5,38.48867,-88.63,54,4020.62,13191,Ti=-2/Te=-2/V=7693 Arch Reactor,7693,-2,-2,-7.0555555556,15.8,56268,-3.5,716306,12012,-15.6111111111,2359,2.4982954545
277,3/14/2015 20:45,03/14/2015 20:44:30,144,38.48433,-88.63,63,3678.9,12070,Ti=-2/Te=0/V=7693 Arch Reactor,7693,-2,0,-6.4444444444,12.5,61404,-3.2,718069,16524,-12.2222222222,2359,2.2859848485
278,3/14/2015 20:45,03/14/2015 20:45:00,144.5,38.4795,-88.63017,63,3357.3,11015,Ti=-1/Te=1/V=7693 Arch Reactor,7693,-1,1,-6.4444444444,12.5,61404,-3.2,718069,16524,-12.2222222222,2359,2.0861742424
279,3/14/2015 20:46,03/14/2015 20:45:30,145,38.47517,-88.631,54,3006.8,9865,Ti=-1/Te=3/V=7693 Arch Reactor,7693,-1,3,-5.5,11.6,66820,-3.1,725184,19877,-8.6111111111,2375,1.8683712121
280,3/14/2015 20:47,03/14/2015 20:47:00,146.5,38.47183,-88.63183,37,2690.77,8828,Ti=0/Te=5/V=7693 Arch Reactor,7693,0,5,-4.3888888889,12.2,72816,-3.1,737885,21607,-5.2777777778,2375,1.671969697
281,3/14/2015 20:47,03/14/2015 20:47:30,147,38.46933,-88.63217,30,2366.16,7763,Ti=0/Te=8/V=7693 Arch Reactor,7693,0,8,-4.3888888889,12.2,72816,-3.1,737885,21607,-5.2777777778,2375,1.4702651515
282,3/14/2015 20:48,03/14/2015 20:48:00,147.5,38.465,-88.63083,33,1682.8,5521,Ti=1/Te=9/V=7693 Arch Reactor,7693,1,9,-3,11.8,78928,-3.3,696477,21972,-2,2391,1.0456439394
283,3/14/2015 20:49,03/14/2015 20:48:30,148,38.46217,-88.63033,43,1335.63,4382,Ti=2/Te=9/V=7693 Arch Reactor,7693,2,9,-1.2222222222,22.9,85856,-3.1,679871,19170,2.1666666667,2406,0.8299242424
284,3/14/2015 20:49,03/14/2015 20:49:00,148.5,38.45983,-88.62983,26,991.82,3254,Ti=3/Te=10/V=7714 Arch Reactor,7714,3,10,-1.2222222222,22.9,85856,-3.1,679871,19170,2.1666666667,2406,0.6162878788
285,3/14/2015 20:50,03/14/2015 20:49:30,149,38.4585,-88.62883,24,612.95,2011,Ti=4/Te=12/V=7714 Arch Reactor,7714,4,12,0.7777777778,55.3,93580,-2.6,744357,13594,10.5,2438,0.3808712121
