timestamp_fixed,cat,altitude_ft,altitude_m,cap,external_adc,humid,lat,lng,long,oxid_gas,prec_gas,pressure,reduc_gas,speed,t_amb,t_ext,t_int,t_ired,temp_ired,volt,timestamp_offset
2016-04-16 13:03:51,HAB_2,436,132.8928,2703,1.628,47.8,38.5091666666667,-89.6255555555556,NA,8027,-7.4,100924,135296,NA,90.1,NA,NA,88.9,NA,NA,0
2016-04-16 13:10:51,HAB_3,468.996078,NA,2625,1.528,32.6,38.50567,-89.622,-89.622,12036,-5.3,80776,200890,NA,71.4,NA,NA,33.2,NA,NA,0
2016-04-16 13:04:51,HAB_2,556,169.4688,2719,1.617,44.7,38.5102777777778,-89.6272222222222,NA,7745,-7.5,100536,140107,NA,90.9,NA,NA,63,NA,NA,60
2016-04-16 13:05:51,HAB_2,723,220.3704,2688,1.455,41.2,38.5144444444444,-89.6341666666667,NA,8184,-6.8,96896,144566,NA,87.7,NA,NA,106.9,NA,NA,120
2015-03-14 18:20:30,HAB_0,1014,309.07,2688,NA,40.2,38.5045,-89.6215,NA,6151,-4.8,99184,131470,20,28.7777777778,14,30,NA,29.1666666667,8185,0
2016-04-16 13:11:51,HAB_3,1497.998736,NA,2610,1.546,30.1,38.50317,-89.61717,-89.61717,12521,-5,77356,212816,30,67.4,NA,NA,14.7,NA,NA,60
2015-03-14 18:21:00,HAB_0,1961,597.71,2656,NA,39,38.50167,-89.62167,NA,6407,-5,95896,133080,30,27.4444444444,12,28,NA,26.5,8185,30
2016-04-16 13:06:51,HAB_2,2231,680.0088,2688,1.604,41.6,38.5158333333333,-89.6394444444444,NA,8716,-7.6,93916,157386,NA,84.2,NA,NA,45.6,NA,NA,180
2016-04-16 13:12:51,HAB_3,2383.989578,NA,2594,1.573,28,38.50133,-89.61217,-89.61217,13730,-4.6,74096,218577,29,65.4,NA,NA,6.4,NA,NA,120
2015-03-14 18:21:30,HAB_0,2544,775.41,2656,NA,39,38.49933,-89.62233,NA,6407,-5,95896,133080,31,27.4444444444,12,26,NA,26.5,8185,60
2015-03-14 18:22:00,HAB_0,3009,917.14,2641,NA,36.3,38.49683,-89.623,NA,7028,-4.8,92356,147857,30,25.5555555556,12,26,NA,24.3333333333,8185,90
2016-04-16 13:13:51,HAB_3,3450.984362,NA,2578,1.531,30.3,38.49967,-89.6065,-89.6065,14286,-4.7,71248,227368,32,61.9,NA,NA,47.4,NA,NA,180
2015-03-14 18:22:30,HAB_0,3482,1061.31,2641,NA,36.3,38.4945,-89.62417,NA,7028,-4.8,92356,147857,31,25.5555555556,11,25,NA,24.3333333333,8185,120
2016-04-16 13:07:51,HAB_2,3490,1063.752,2672,1.459,43.4,38.5208333333333,-89.6344444444445,NA,9019,-6.5,90196,167361,NA,80.3,NA,NA,76.9,NA,NA,240
2016-04-16 13:08:51,HAB_2,3736,1138.7328,2656,1.457,38.8,38.52,-89.6416666666667,NA,10058,-6.4,87296,178721,NA,76.1,NA,NA,24.2,NA,NA,300
2015-03-14 18:23:00,HAB_0,3941,1201.22,2625,NA,34.9,38.492,-89.62483,NA,7408,-4.6,89108,151681,37,23.8888888889,11,24,NA,22.8888888889,8185,150
2016-04-16 13:09:51,HAB_2,4052,1235.0496,2641,1.515,30.9,38.5336111111111,-89.6527777777778,NA,11436,-5.5,84100,187069,NA,73.7,NA,NA,91.4,NA,NA,360
2015-03-14 18:23:30,HAB_0,4389,1337.77,2625,NA,34.9,38.4895,-89.62483,NA,7408,-4.6,89108,151681,35,23.8888888889,11,24,NA,22.8888888889,8185,180
2016-04-16 13:14:51,HAB_3,4520.99752,NA,2563,1.578,32,38.4965,-89.5985,-89.5985,15038,-4.3,68436,245935,47,59,NA,NA,-4.5,NA,NA,240
2015-03-14 18:24:00,HAB_0,4822,1469.75,2610,NA,31,38.4865,-89.62467,NA,8082,-4.5,86132,155577,30,22.5555555556,11,24,NA,21.6666666667,8185,210
2015-03-14 18:24:30,HAB_0,5342,1628.24,2610,NA,31,38.484,-89.62467,NA,8082,-4.5,86132,155577,39,22.5555555556,11,23,NA,21.6666666667,8185,240
2016-04-16 13:15:51,HAB_3,5583.98968,NA,2547,1.564,28.2,38.49317,-89.59067,-89.59067,16030,-4.3,65876,258008,47,56,NA,NA,12.2,NA,NA,300
2015-03-14 18:25:00,HAB_0,5871,1789.48,2610,NA,27.9,38.48183,-89.62467,NA,8667,-4.4,82948,157552,26,21.3888888889,10,22,NA,20.6111111111,8165,270
2016-04-16 13:10:51,HAB_2,6006,1830.6288,2625,1.528,32.6,38.5441666666667,-89.6527777777778,NA,12036,-5.3,80776,200890,NA,71.4,NA,NA,33.2,NA,NA,420
2015-03-14 18:25:30,HAB_0,6324,1927.56,2610,NA,27.9,38.47933,-89.62483,NA,8667,-4.4,82948,157552,24,21.3888888889,10,22,NA,20.6111111111,8165,300
2016-04-16 13:16:51,HAB_3,6668.012024,NA,2547,1.555,21.8,38.49167,-89.584,-89.584,17991,-4.4,63416,263872,36,53.8,NA,NA,-8.5,NA,NA,360
2015-03-14 18:26:00,HAB_0,6727,2050.39,2594,NA,24.6,38.47767,-89.62533,NA,9089,-3.9,80196,146283,24,20.2222222222,11,21,NA,19.9444444444,8165,330
2016-04-16 13:11:51,HAB_2,7107,2166.2136,2610,1.546,30.1,38.5447222222222,-89.6627777777778,NA,12521,-5,77356,212816,NA,67.4,NA,NA,14.7,NA,NA,480
2015-03-14 18:26:30,HAB_0,7256,2211.63,2594,NA,24.6,38.47533,-89.62683,NA,9089,-3.9,80196,146283,37,20.2222222222,11,21,NA,19.9444444444,8165,360
2016-04-16 13:17:51,HAB_3,7679.00287,NA,2531,1.568,19.9,38.49067,-89.57617,-89.57617,19838,-4.2,61148,246417,41,52.1,NA,NA,3.2,NA,NA,420
2015-03-14 18:27:00,HAB_0,7722,2353.67,2578,NA,19.1,38.4725,-89.629,NA,9752,-4.2,77260,147699,44,19.3888888889,11,21,NA,19.3333333333,8165,390
2015-03-14 18:27:30,HAB_0,8103,2469.79,2578,NA,19.1,38.47,-89.6315,NA,9752,-4.2,77260,147699,37,19.3888888889,10,21,NA,19.3333333333,8165,420
2015-03-14 18:28:00,HAB_0,8474,2582.8,2578,NA,17.4,38.46683,-89.63417,NA,10306,-4.2,75152,131908,43,18.6666666667,9,20,NA,18.6111111111,8165,450
2016-04-16 13:18:51,HAB_3,8747.998968,NA,2531,1.515,18.5,38.48833,-89.56967,-89.56967,20231,-4.2,58648,244974,37,50.4,NA,NA,16.7,NA,NA,480
2015-03-14 18:28:30,HAB_0,8849,2697.1,2578,NA,17.4,38.46383,-89.6365,NA,10306,-4.2,75152,131908,56,18.6666666667,8,20,NA,18.6111111111,8165,480
2016-04-16 13:12:51,HAB_2,9088,2770.0224,2594,1.573,28,38.5516666666667,-89.6694444444445,NA,13730,-4.6,74096,218577,NA,65.4,NA,NA,6.4,NA,NA,540
2016-04-16 13:13:51,HAB_2,9267,2824.5816,2578,1.531,30.3,38.5505555555556,-89.6769444444444,NA,14286,-4.7,71248,227368,NA,61.9,NA,NA,47.4,NA,NA,600
2015-03-14 18:29:00,HAB_0,9327,2842.8,2563,NA,16.4,38.4605,-89.63917,NA,10349,-4.5,72868,135445,46,17.8888888889,6,20,NA,18,8165,510
2015-03-14 18:29:30,HAB_0,9833,2997.1,2563,NA,16.4,38.45683,-89.64167,NA,10349,-4.5,72868,135445,52,17.8888888889,5,19,NA,18,8145,540
2016-04-16 13:19:51,HAB_3,9899.016065,NA,2531,1.556,16.1,38.48617,-89.56333,-89.56333,21375,-4.2,56124,242586,36,48.2,NA,NA,0.5,NA,NA,540
2015-03-14 18:30:00,HAB_0,10296,3138.2,2547,NA,15.8,38.45317,-89.64467,NA,10426,-4.2,70212,125864,63,17,4,19,NA,16.7777777778,8145,570
2016-04-16 13:14:51,HAB_2,10687,3257.3976,2563,1.578,32,38.5586111111111,-89.6675,NA,15038,-4.3,68436,245935,NA,59,NA,NA,-4.5,NA,NA,660
2015-03-14 18:30:30,HAB_0,10746,3275.3,2547,NA,15.8,38.449,-89.64717,NA,10426,-4.2,70212,125864,57,17,4,19,NA,16.7777777778,8145,600
2016-04-16 13:15:51,HAB_2,10904,3323.5392,2547,1.564,28.2,38.5666666666667,-89.6677777777778,NA,16030,-4.3,65876,258008,NA,56,NA,NA,12.2,NA,NA,720
2016-04-16 13:16:51,HAB_2,10904,3323.5392,2547,1.555,21.8,38.5666666666667,-89.6677777777778,NA,17991,-4.4,63416,263872,NA,53.8,NA,NA,-8.5,NA,NA,780
2016-04-16 13:20:51,HAB_3,11060.99117,NA,2578,1.451,16.1,38.48283,-89.5565,-89.5565,22589,-3.7,54092,232568,42,46.5,NA,NA,-11.7,NA,NA,600
2015-03-14 18:31:00,HAB_0,11174,3405.8,2547,NA,15.5,38.44433,-89.65017,NA,10748,-4,67876,123890,67,16.1111111111,4,19,NA,17.2222222222,8165,630
2015-03-14 18:31:30,HAB_0,11550,3520.4,2547,NA,15.5,38.44,-89.65217,NA,10748,-4,67876,123890,63,16.1111111111,3,18,NA,17.2222222222,8104,660
2015-03-14 18:32:00,HAB_0,11963,3646.3,2531,NA,15.1,38.43517,-89.65367,NA,10883,-4.1,65812,120551,63,15.5555555556,1,18,NA,17.1111111111,8165,690
2016-04-16 13:21:51,HAB_3,12250.98464,NA,2578,1.513,15.8,38.47967,-89.54933,-89.54933,23132,-3.9,51924,239281,43,44.4,NA,NA,-7.9,NA,NA,660
2015-03-14 18:32:30,HAB_0,12410,3782.5,2531,NA,15.1,38.4305,-89.6555,NA,10883,-4.1,65812,120551,67,15.5555555556,1,18,NA,17.1111111111,8165,720
2016-04-16 13:17:51,HAB_2,12616,3845.3568,2531,1.568,19.9,38.5752777777778,-89.675,NA,19838,-4.2,61148,246417,NA,52.1,NA,NA,32,NA,NA,840
2015-03-14 18:33:00,HAB_0,12753,3887.1,2516,NA,14.7,38.42567,-89.657,NA,11111,-4,63660,115916,69,14.8888888889,0,18,NA,16.4444444444,8165,750
2015-03-14 18:33:30,HAB_0,13225,4030.98,2516,NA,14.7,38.421,-89.65833,NA,11111,-4,63660,115916,63,14.8888888889,-1,18,NA,16.4444444444,8145,780
2016-04-16 13:22:51,HAB_3,13454.00306,NA,2594,1.56,14.7,38.475,-89.54167,-89.54167,24289,-3.9,49992,242112,51,42.1,NA,NA,34.7,NA,NA,720
2015-03-14 18:34:00,HAB_0,13675,4168.14,2516,NA,14,38.4165,-89.66017,NA,10974,-4.2,61576,117675,70,14.2222222222,-2,18,NA,14.6111111111,8125,810
2015-03-14 18:34:30,HAB_0,14160,4315.97,2516,NA,14,38.413,-89.6615,NA,10974,-4.2,61576,117675,54,14.2222222222,-3,17,NA,14.6111111111,8165,840
2016-04-16 13:18:51,HAB_2,14311,4361.9928,2531,1.515,18.5,38.5680555555556,-89.6830555555556,NA,20231,-4.2,58648,244974,NA,50.4,NA,NA,16.7,NA,NA,900
2015-03-14 18:35:00,HAB_0,14643,4463.19,2500,NA,14.3,38.40967,-89.66283,NA,11495,-4,59232,114707,37,13.1666666667,-4,16,NA,13.1111111111,8145,870
2016-04-16 13:23:51,HAB_3,14699.01622,NA,2610,1.56,13.4,38.46933,-89.53483,-89.53483,26350,-3.8,48036,238344,52,39.3,NA,NA,30.2,NA,NA,780
2015-03-14 18:35:30,HAB_0,15089,4599.13,2500,NA,14.3,38.40683,-89.66383,NA,11495,-4,59232,114707,50,13.1666666667,-5,16,NA,13.1111111111,8165,900
2015-03-14 18:36:00,HAB_0,15594,4753.05,2484,NA,14.9,38.40367,-89.665,NA,11157,-4,57116,115243,46,12.0555555556,-7,16,NA,12.6111111111,8104,930
2016-04-16 13:19:51,HAB_2,15735,4796.028,2531,1.556,16.1,38.5716666666667,-89.6886111111111,NA,21375,-4.2,56124,242586,NA,48.2,NA,NA,0.5,NA,NA,960
2016-04-16 13:24:51,HAB_3,15856.00444,NA,2625,1.473,12.8,38.46183,-89.52783,-89.52783,28651,-3.8,46236,242112,62,37,NA,NA,1.2,NA,NA,840
2015-03-14 18:36:30,HAB_0,16116,4912.16,2484,NA,14.9,38.40067,-89.666,NA,11157,-4,57116,115243,54,12.0555555556,-9,15,NA,12.6111111111,8125,960
2015-03-14 18:37:00,HAB_0,16590,5056.63,2469,NA,16.4,38.39683,-89.66683,NA,11578,-4.5,54788,121380,57,10.7777777778,-10,15,NA,10.6111111111,8125,990
2016-04-16 13:20:51,HAB_2,17055,5198.364,2578,1.451,16.1,38.5761111111111,-89.6838888888889,NA,22589,-3.7,54092,232568,NA,46.5,NA,NA,-11.7,NA,NA,1020
2016-04-16 13:21:51,HAB_2,17055,5198.364,2578,1.513,15.8,38.5761111111111,-89.6838888888889,NA,23132,-3.9,51924,239281,NA,44.4,NA,NA,-7.9,NA,NA,1080
2015-03-14 18:37:30,HAB_0,17155,5228.84,2469,NA,16.4,38.3935,-89.667,NA,11578,-4.5,54788,121380,43,10.7777777778,-11,14,NA,10.6111111111,8104,1020
2015-03-14 18:38:00,HAB_0,17725,5402.58,2453,NA,18.6,38.3905,-89.6665,NA,11484,-4.2,52400,138139,39,9.0555555556,-12,13,NA,8.3888888889,8145,1050
2016-04-16 13:26:51,HAB_3,18050.98483,NA,2641,1.587,11.7,38.44983,-89.50817,-89.50817,32176,-3.2,43072,250796,65,32.3,NA,NA,-9.8,NA,NA,960
2015-03-14 18:38:30,HAB_0,18261,5565.95,2453,NA,18.6,38.38833,-89.666,NA,11484,-4.2,52400,138139,39,9.0555555556,-11,12,NA,8.3888888889,8145,1080
2016-04-16 13:22:51,HAB_2,18715,5704.332,2594,1.56,14.7,38.5825,-89.6983333333333,NA,24289,-3.9,49992,242112,NA,42.1,NA,NA,34.7,NA,NA,1140
2015-03-14 18:39:00,HAB_0,18810,5733.29,2453,NA,22.4,38.38733,-89.66433,NA,11697,-4,50012,156233,19,7.3333333333,-12,11,NA,7.5,8145,1110
2016-04-16 13:27:51,HAB_3,19158.00586,NA,2656,1.567,11.3,38.44617,-89.499,-89.499,33762,-3.2,41552,247868,54,30.8,NA,NA,-31.8,NA,NA,1020
2015-03-14 18:39:30,HAB_0,19341,5895.14,2453,NA,22.4,38.3875,-89.66167,NA,11697,-4,50012,156233,46,7.3333333333,-11,11,NA,7.5,8125,1140
2016-04-16 13:23:51,HAB_2,19410,5916.168,2610,1.56,13.4,38.5838888888889,-89.7038888888889,NA,26350,-3.8,48036,238344,NA,39.3,NA,NA,30.2,NA,NA,1200
2016-04-16 13:24:51,HAB_2,19693,6002.4264,2625,1.473,12.8,38.5852777777778,-89.7005555555556,NA,28651,-3.8,46236,242112,NA,37,NA,NA,1.2,NA,NA,1260
2015-03-14 18:40:00,HAB_0,19891,6062.78,2438,NA,28.2,38.38817,-89.65717,NA,11507,-3.7,47860,180366,57,5.9444444444,-13,11,NA,6.5555555556,8125,1170
2016-04-16 13:28:51,HAB_3,20258.0059,NA,2672,1.373,11.1,38.44333,-89.489,-89.489,34990,-3.4,40136,252765,56,28.4,NA,NA,-77.6,NA,NA,1080
2015-03-14 18:40:30,HAB_0,20379,6211.52,2438,NA,28.2,38.38867,-89.6525,NA,11507,-3.7,47860,180366,44,5.9444444444,-12,10,NA,6.5555555556,8125,1200
2015-03-14 18:41:00,HAB_0,20936,6381.29,2438,NA,24.2,38.38917,-89.648,NA,12725,-3.7,45876,186880,59,4.8888888889,-14,10,NA,5.9444444444,8125,1230
2016-04-16 13:25:51,HAB_2,21294,6490.4112,2641,1.544,12.2,38.5819444444444,-89.7030555555556,NA,29493,-3.5,44740,249816,NA,34.4,NA,NA,2.2,NA,NA,1320
2015-03-14 18:41:30,HAB_0,21478,6546.49,2438,NA,24.2,38.39,-89.6435,NA,12725,-3.7,45876,186880,56,4.8888888889,-14,10,NA,5.9444444444,8104,1260
2015-03-14 18:42:00,HAB_0,21899,6674.82,2438,NA,23.3,38.3915,-89.639,NA,13299,-3.8,43916,191264,50,3.9444444444,-14,10,NA,5.1111111111,8125,1290
2016-04-16 13:26:51,HAB_2,22322,6803.7456,2641,1.587,11.7,38.58,-89.7063888888889,NA,32176,-3.2,43072,250796,NA,32.3,NA,NA,-9.8,NA,NA,1380
2015-03-14 18:42:30,HAB_0,22394,6825.69,2438,NA,23.3,38.39317,-89.63467,NA,13299,-3.8,43916,191264,54,3.9444444444,-16,9,NA,5.1111111111,8125,1320
2015-03-14 18:43:00,HAB_0,22888,6976.26,2422,NA,20.9,38.39517,-89.62967,NA,14173,-3.6,42184,188775,57,3.0555555556,-17,9,NA,3.9444444444,8125,1350
2016-04-16 13:27:51,HAB_2,23130,7050.024,2656,1.567,11.3,38.5755555555556,-89.7077777777778,NA,33762,-3.2,41552,247868,NA,30.8,NA,NA,-31.8,NA,NA,1440
2016-04-16 13:28:51,HAB_2,23130,7050.024,2672,1.373,11.1,38.5755555555556,-89.7077777777778,NA,34990,-3.4,40136,252765,NA,28.4,NA,NA,-77.6,NA,NA,1500
2015-03-14 18:43:30,HAB_0,23332,7111.59,2422,NA,20.9,38.39667,-89.62433,NA,14173,-3.6,42184,188775,59,3.0555555556,-17,9,NA,3.9444444444,8104,1380
2015-03-14 18:44:00,HAB_0,23817,7259.42,2422,NA,22.5,38.3985,-89.619,NA,15024,-3.7,40520,191071,63,2.2777777778,-19,9,NA,3.3888888889,8084,1410
2016-04-16 13:29:51,HAB_2,24119,7351.4712,2688,1.36,10.9,38.5688888888889,-89.7086111111111,NA,37172,-3.5,38692,254253,NA,26.5,NA,NA,-61,NA,NA,1560
2015-03-14 18:44:30,HAB_0,24372,7428.59,2422,NA,22.5,38.40067,-89.61433,NA,15024,-3.7,40520,191071,57,2.2777777778,-19,8,NA,3.3888888889,8104,1440
2016-04-16 13:33:51,HAB_3,24695.99817,NA,2703,1.335,10.6,38.42533,-89.448,-89.448,49315,-3,33048,283101,NA,14.6,NA,NA,-29,NA,NA,1380
2015-03-14 18:45:00,HAB_0,24842,7571.84,2422,NA,22.8,38.402,-89.60883,NA,14847,-3.7,38856,192808,63,1.4444444444,-21,8,NA,1.8333333333,8064,1470
2015-03-14 18:45:30,HAB_0,25347,7725.77,2422,NA,22.8,38.40383,-89.60333,NA,14847,-3.7,38856,192808,69,1.4444444444,-22,8,NA,1.8333333333,8104,1500
2015-03-14 18:46:00,HAB_0,25823,7870.85,2422,NA,21.9,38.40567,-89.59783,NA,14615,-3.4,37164,210091,61,0.5555555556,-23,8,NA,0.8888888889,8084,1530
2016-04-16 13:34:51,HAB_3,25847.99951,NA,2703,1.399,10.4,38.41967,-89.43783,-89.43783,54052,-3.3,31920,289822,NA,12.3,NA,NA,-171.4,NA,NA,1440
2016-04-16 13:30:51,HAB_2,26185,7981.188,2688,1.223,10.7,38.575,-89.7080555555556,NA,40176,-3.4,37044,259525,NA,22.1,NA,NA,-18.4,NA,NA,1620
2015-03-14 18:46:30,HAB_0,26265,8005.57,2422,NA,21.9,38.40717,-89.5925,NA,14615,-3.4,37164,210091,59,0.5555555556,-24,7,NA,0.8888888889,8028,1560
2015-03-14 18:47:00,HAB_0,26759,8156.14,2422,NA,19.6,38.40867,-89.587,NA,15504,-3.8,35668,203511,61,-0.1666666667,-24,7,NA,0.5,8028,1590
2016-04-16 13:31:51,HAB_2,27041,8242.0968,2688,1.205,10.6,38.5691666666667,-89.7044444444444,NA,43425,-2.9,35684,275461,NA,19.5,NA,NA,-81,NA,NA,1680
2015-03-14 18:47:30,HAB_0,27253,8306.71,2422,NA,19.6,38.40983,-89.58167,NA,15504,-3.8,35668,203511,52,-0.1666666667,-24,7,NA,0.5,8008,1620
2016-04-16 13:32:51,HAB_2,27631,8421.9288,2688,1.396,10.8,38.5627777777778,-89.7016666666667,NA,46319,-3.4,34456,274923,NA,17.8,NA,NA,-53.9,NA,NA,1740
2015-03-14 18:48:00,HAB_0,27737,8454.24,2422,NA,17.8,38.41083,-89.57633,NA,16589,-4.1,34160,194363,54,-0.7777777778,-26,7,NA,-0.5555555556,8008,1650
2015-03-14 18:48:30,HAB_0,28268,8616.09,2422,NA,17.8,38.41133,-89.57067,NA,16589,-4.1,34160,194363,61,-0.7777777778,-28,7,NA,-0.5555555556,8008,1680
2015-03-14 18:49:00,HAB_0,28747,8762.09,2422,NA,16.1,38.41167,-89.56517,NA,17284,-3.4,32624,185562,63,-1.4444444444,-28,7,NA,-1.6666666667,8008,1710
2016-04-16 13:33:51,HAB_2,28773,8770.0104,2703,1.335,10.6,38.5558333333333,-89.71,NA,49315,-3,33048,283101,NA,14.6,NA,NA,-29,NA,NA,1800
2016-04-16 13:36:51,HAB_3,29125.00093,NA,2703,1.316,10.2,38.3955,-89.41117,-89.41117,64357,-2.9,29540,301690,73,5.9,NA,NA,-124.9,NA,NA,1560
2015-03-14 18:49:30,HAB_0,29148,8884.31,2422,NA,16.1,38.41183,-89.5595,NA,17284,-3.4,32624,185562,59,-1.4444444444,-30,6,NA,-1.6666666667,8008,1740
2016-04-16 13:34:51,HAB_2,29272,8922.1056,2703,1.399,10.4,38.5608333333333,-89.7058333333333,NA,54052,-3.3,31920,289822,NA,12.3,NA,NA,-171.4,NA,NA,1860
2015-03-14 18:50:00,HAB_0,29624,9029.4,2422,NA,14.8,38.41217,-89.554,NA,17781,-3.8,31332,183321,59,-2.0555555556,-31,6,NA,-2.3888888889,7988,1770
2016-04-16 13:35:51,HAB_2,29729,9061.3992,2703,1.517,10.5,38.5555555555556,-89.7022222222222,NA,57137,-3.3,30708,292099,NA,10.3,NA,NA,-106.5,NA,NA,1920
2015-03-14 18:50:30,HAB_0,30125,9182.1,2422,NA,14.8,38.41233,-89.5485,NA,17781,-3.8,31332,183321,63,-2.0555555556,-31,6,NA,-2.3888888889,7988,1800
2016-04-16 13:39:51,HAB_3,30147.0154,NA,2703,1.507,9.8,38.3865,-89.401,-89.401,83250,-3.3,25940,315619,NA,-2.2,NA,NA,-96.1,NA,NA,1740
2015-03-14 18:51:00,HAB_0,30606,9328.71,2438,NA,13.7,38.41233,-89.543,NA,18382,-3.5,29980,181839,59,-2.7777777778,-30,6,NA,-3.7777777778,7988,1830
2016-04-16 13:36:51,HAB_2,30953,9434.4744,2703,1.316,10.2,38.5483333333333,-89.6958333333333,NA,64357,-2.9,29540,301690,NA,5.9,NA,NA,-124.9,NA,NA,1980
2016-04-16 13:37:51,HAB_2,30953,9434.4744,2703,1.285,10,38.5483333333333,-89.6958333333333,NA,75185,-2.7,28376,315930,NA,3.6,NA,NA,-92.2,NA,NA,2040
2015-03-14 18:51:30,HAB_0,31026,9456.72,2438,NA,13.7,38.41233,-89.5375,NA,18382,-3.5,29980,181839,61,-2.7777777778,-31,6,NA,-3.7777777778,7988,1860
2015-03-14 18:52:00,HAB_0,31442,9583.52,2438,NA,13.2,38.41233,-89.532,NA,19170,-3.4,28812,177088,56,-3.5,-33,5,NA,-3.7777777778,7988,1890
2015-03-14 18:52:30,HAB_0,31916,9728,2438,NA,13.2,38.41217,-89.52683,NA,19170,-3.4,28812,177088,54,-3.5,-35,5,NA,-3.7777777778,7988,1920
2015-03-14 18:53:00,HAB_0,32310,9848.09,2438,NA,12.8,38.41233,-89.52133,NA,19378,-3.6,27620,179086,56,-4.0555555556,-35,5,NA,-5.1111111111,7988,1950
2016-04-16 13:38:51,HAB_2,32364,9864.5472,2703,1.461,9.9,38.5341666666667,-89.6855555555556,NA,80018,-3.2,27296,313456,NA,1.6,NA,NA,-82.9,NA,NA,2100
2015-03-14 18:53:30,HAB_0,32747,9981.29,2438,NA,12.8,38.41267,-89.5165,NA,19378,-3.6,27620,179086,54,-4.0555555556,-36,5,NA,-5.1111111111,7988,1980
2016-04-16 13:40:51,HAB_3,33193.99713,NA,2703,1.224,9.8,38.3595,-89.375,-89.375,87149,-3,25036,318111,193,-4.2,NA,NA,7.8,NA,NA,1800
2015-03-14 18:54:00,HAB_0,33234,10129.72,2453,NA,12.2,38.41333,-89.51167,NA,19416,-3.5,26500,132493,56,-4.7222222222,-37,5,NA,-6,7967,2010
2015-03-14 18:54:30,HAB_0,33689,10268.41,2453,NA,12.2,38.41417,-89.50683,NA,19416,-3.5,26500,132493,48,-4.7222222222,-38,5,NA,-6,7967,2040
2016-04-16 13:39:51,HAB_2,33742,10284.5616,2703,1.507,9.8,38.5388888888889,-89.6919444444444,NA,83250,-3.3,25940,315619,NA,-2.2,NA,NA,-96.1,NA,NA,2160
2015-03-14 18:55:00,HAB_0,34167,10414.1,2453,NA,11.6,38.415,-89.50217,NA,19955,-3.3,25348,162063,46,-5.4444444444,-39,4,NA,-7.3333333333,7967,2070
2016-04-16 13:41:51,HAB_3,34168.0129,NA,2703,1.078,9.8,38.35,-89.36833,-89.36833,92842,-2.7,23976,325716,72,-6.2,NA,NA,-140.1,NA,NA,1860
2015-03-14 18:55:30,HAB_0,34643,10559.19,2453,NA,11.6,38.41567,-89.49717,NA,19955,-3.3,25348,162063,56,-5.4444444444,-40,4,NA,-7.3333333333,7967,2100
2016-04-16 13:40:51,HAB_2,34677,10569.5496,2703,1.224,9.8,38.5333333333333,-89.6855555555556,NA,87149,-3,25036,318111,NA,-4.2,NA,NA,7.8,NA,NA,2220
2016-04-16 13:41:51,HAB_2,34870,10628.376,2703,1.078,9.8,38.53,-89.6775,NA,92842,-2.7,23976,325716,NA,-6.2,NA,NA,-140.1,NA,NA,2280
2015-03-14 18:56:00,HAB_0,35154,10714.94,2469,NA,11.2,38.41567,-89.49167,NA,20591,-3.9,24180,170498,54,-6.1111111111,-41,4,NA,-8.4444444444,7947,2130
2016-04-16 13:42:51,HAB_3,35166.01162,NA,2719,1.054,9.7,38.34183,-89.36067,-89.36067,98445,-2.8,22900,329593,68,-8.7,NA,NA,-117.3,NA,NA,1920
2015-03-14 18:56:30,HAB_0,35546,10834.42,2469,NA,11.2,38.415,-89.48617,NA,20591,-3.9,24180,170498,57,-6.1111111111,-38,4,NA,-8.4444444444,7947,2160
2016-04-16 13:42:51,HAB_2,35841,10924.3368,2719,1.054,9.7,38.5255555555556,-89.6725,NA,98445,-2.8,22900,329593,NA,-8.7,NA,NA,-117.3,NA,NA,2340
2015-03-14 18:57:00,HAB_0,35894,10940.49,2469,NA,11,38.4145,-89.48067,NA,21186,-3.1,23252,176727,56,-6.9444444444,-39,4,NA,-9.6111111111,7947,2190
2016-04-16 13:44:51,HAB_3,36187.99328,NA,2719,0.951,10.2,38.33367,-89.35033,-89.35033,102441,-2.9,21320,332534,NA,-10.2,NA,NA,-84.7,NA,NA,2040
2015-03-14 18:57:30,HAB_0,36239,11045.65,2469,NA,11,38.414,-89.47533,NA,21186,-3.1,23252,176727,61,-6.9444444444,-40,4,NA,-9.6111111111,7947,2220
2015-03-14 18:58:00,HAB_0,36665,11175.49,2469,NA,10.9,38.41417,-89.47017,NA,22522,-3.5,22436,195929,52,-7.6111111111,-42,3,NA,-10,7947,2250
2016-04-16 13:43:51,HAB_2,37017,11282.7816,2719,1.111,10,38.5197222222222,-89.6766666666667,NA,99372,-3,22140,336500,NA,-9.6,NA,NA,-120.1,NA,NA,2400
2015-03-14 18:58:30,HAB_0,37207,11340.69,2469,NA,10.9,38.415,-89.46517,NA,22522,-3.5,22436,195929,54,-7.6111111111,-45,3,NA,-10,7947,2280
2015-03-14 18:59:00,HAB_0,37765,11510.77,2484,NA,10.6,38.4175,-89.4595,NA,24362,-3.4,21276,205548,83,-8.3888888889,-45,3,NA,-12.1111111111,7947,2310
2016-04-16 13:44:51,HAB_2,37778,11514.7344,2719,0.951,10.2,38.5263888888889,-89.6716666666667,NA,102441,-2.9,21320,332534,NA,-10.2,NA,NA,-84.7,NA,NA,2460
2016-04-16 13:45:51,HAB_2,37921,11558.3208,2719,1.292,10.1,38.5219444444444,-89.6675,NA,104850,-2.8,20472,340856,NA,-11.8,NA,NA,-139.7,NA,NA,2520
2015-03-14 18:59:30,HAB_0,38126,11620.8,2484,NA,10.6,38.41983,-89.45183,NA,24362,-3.4,21276,205548,89,-8.3888888889,-41,2,NA,-12.1111111111,7947,2340
2016-04-16 13:45:51,HAB_3,38393.01304,NA,2719,1.292,10.1,38.32567,-89.3285,-89.3285,104850,-2.8,20472,340856,58,-11.8,NA,NA,-139.7,NA,NA,2100
2015-03-14 19:00:00,HAB_0,38486,11730.53,2484,NA,10.4,38.4225,-89.443,NA,26618,-3.3,20432,222494,10,-9.3333333333,-40,2,NA,-12.1666666667,7927,2370
2015-03-14 19:00:30,HAB_0,38823,11833.25,2484,NA,10.4,38.42533,-89.43367,NA,26618,-3.3,20432,222494,10,-9.3333333333,-39,2,NA,-12.1666666667,7927,2400
2016-04-16 13:46:51,HAB_2,38857,11843.6136,2719,1.125,10.1,38.5180555555556,-89.6627777777778,NA,108867,-2.4,19736,336500,NA,-13.1,NA,NA,-96.4,NA,NA,2580
2015-03-14 19:01:00,HAB_0,39167,11938.1,2500,NA,10.4,38.42833,-89.4235,NA,28740,-3.1,19752,226698,11,-10,-40,2,NA,-12.6666666667,7927,2430
2015-03-14 19:01:30,HAB_0,39540,12051.79,2500,NA,10.4,38.43067,-89.41333,NA,28740,-3.1,19752,226698,11,-10,-40,1,NA,-12.6666666667,7927,2460
2015-03-14 19:02:00,HAB_0,39887,12157.56,2500,NA,10.3,38.433,-89.40283,NA,31139,-3.1,19044,243539,11,-10.6111111111,-38,1,NA,-13.2222222222,7927,2490
2016-04-16 13:47:51,HAB_2,40153,12238.6344,2735,1.345,10,38.5136111111111,-89.6597222222222,NA,113625,-2.9,18944,343227,NA,-15.3,NA,NA,-173.3,NA,NA,2640
2015-03-14 19:02:30,HAB_0,40256,12270.03,2500,NA,10.3,38.43517,-89.3925,NA,31139,-3.1,19044,243539,11,-10.6111111111,-37,1,NA,-13.2222222222,7927,2520
2016-04-16 13:47:51,HAB_3,40614.01049,NA,2735,1.345,10,38.32367,-89.30283,-89.30283,113625,-2.9,18944,343227,67,-15.3,NA,NA,-173.3,NA,NA,2220
2015-03-14 19:03:00,HAB_0,40626,12382.8,2500,NA,10.1,38.4375,-89.3825,NA,33726,-2.9,18392,246900,10,-11.1111111111,-34,1,NA,-13.2777777778,7907,2550
2016-04-16 13:48:51,HAB_2,40777,12428.8296,2719,1.071,10,38.5105555555556,-89.6561111111111,NA,120292,-2.3,18188,342888,NA,-17.4,NA,NA,-185.6,NA,NA,2700
2015-03-14 19:03:30,HAB_0,40999,12496.5,2500,NA,10.1,38.43967,-89.37217,NA,33726,-2.9,18392,246900,11,-11.1111111111,-36,1,NA,-13.2777777778,7907,2580
2015-03-14 19:04:00,HAB_0,41368,12608.97,2516,NA,10.2,38.44183,-89.36167,NA,35374,-3.1,17720,252765,12,-11.5,-36,1,NA,-12.8888888889,7907,2610
2016-04-16 13:49:51,HAB_2,41455,12635.484,2735,1.229,9.9,38.5080555555556,-89.6511111111111,NA,124297,-2.6,17504,345961,NA,-18.7,NA,NA,-165.6,NA,NA,2760
2016-04-16 13:48:51,HAB_3,41497.01576,NA,2719,1.071,10,38.3245,-89.28483,-89.28483,120292,-2.3,18188,342888,94,-17.4,NA,NA,-185.6,NA,NA,2280
2015-03-14 19:04:30,HAB_0,41747,12724.49,2516,NA,10.2,38.44383,-89.35117,NA,35374,-3.1,17720,252765,11,-11.5,-38,1,NA,-12.8888888889,7907,2640
2016-04-16 13:50:51,HAB_2,42099,12831.7752,2735,1.189,9.9,38.5033333333333,-89.6502777777778,NA,206725,-2.7,16772,382300,NA,-20.3,NA,NA,-169.8,NA,NA,2820
2015-03-14 19:05:00,HAB_0,42110,12835.13,2531,NA,10.2,38.44667,-89.34117,NA,36925,-2.8,17084,260033,10,-11.7222222222,-37,1,NA,-12.7777777778,7907,2670
2015-03-14 19:05:30,HAB_0,42465,12943.33,2531,NA,10.2,38.44933,-89.33133,NA,36925,-2.8,17084,260033,11,-11.7222222222,-38,1,NA,-12.7777777778,7907,2700
2015-03-14 19:06:00,HAB_0,42810,13048.49,2531,NA,10.1,38.4515,-89.32183,NA,37756,-3,16484,260287,10,-11.8888888889,-37,0,NA,-13.2777777778,7907,2730
2016-04-16 13:51:51,HAB_2,42983,13101.2184,2735,1.013,9.8,38.5075,-89.6430555555556,NA,476698,-2.7,16180,432000,NA,-20.6,NA,NA,-211.8,NA,NA,2880
2015-03-14 19:06:30,HAB_0,43180,13161.26,2531,NA,10.1,38.45383,-89.3125,NA,37756,-3,16484,260287,10,-11.8888888889,-36,0,NA,-13.2777777778,7891,2760
2016-04-16 13:50:51,HAB_3,43341.99614,NA,2735,1.189,9.9,38.32133,-89.25017,-89.25017,206725,-2.7,16772,382300,91,-20.3,NA,NA,-169.8,NA,NA,2400
2016-04-16 13:52:51,HAB_2,43502,13259.4096,2735,1.247,9.7,38.5025,-89.6369444444445,NA,774580,-2.4,15608,475549,NA,-21.2,NA,NA,-172.2,NA,NA,2940
2015-03-14 19:07:00,HAB_0,43556,13275.87,2547,NA,10.1,38.456,-89.30283,NA,38095,-2.9,15904,264130,10,-11.9444444444,-38,0,NA,-13.2222222222,7907,2790
2015-03-14 19:07:30,HAB_0,43967,13401.14,2547,NA,10.1,38.45833,-89.29333,NA,38095,-2.9,15904,264130,10,-11.9444444444,-39,0,NA,-13.2222222222,7891,2820
2015-03-14 19:08:00,HAB_0,44380,13527.02,2547,NA,10,38.4605,-89.28367,NA,38439,-3.2,15272,256500,10,-12.1111111111,-40,0,NA,-13.5555555556,7891,2850
2016-04-16 13:53:51,HAB_2,44398,13532.5104,2735,1.06,9.7,38.4994444444444,-89.6425,NA,880902,-2.3,15052,491991,NA,-21,NA,NA,-167.5,NA,NA,3000
2016-04-16 13:54:51,HAB_2,44398,13532.5104,2750,1.206,9.7,38.4994444444444,-89.6425,NA,859500,-2.3,14520,498346,NA,-21.1,NA,NA,-175.8,NA,NA,3060
2016-04-16 13:55:51,HAB_2,44746,13638.5808,2750,0.944,9.6,38.4966666666667,-89.6241666666667,NA,859500,-2.5,13904,495685,NA,-20.7,NA,NA,-135.6,NA,NA,3120
2015-03-14 19:08:30,HAB_0,44770,13645.9,2547,NA,10,38.4625,-89.27333,NA,38439,-3.2,15272,256500,11,-12.1111111111,-39,0,NA,-13.5555555556,7891,2880
2015-03-14 19:09:00,HAB_0,45162,13765.38,2563,NA,9.9,38.46483,-89.264,NA,39540,-2.7,14652,257756,10,-12.2222222222,-40,0,NA,-13.7222222222,7891,2910
2016-04-16 13:53:51,HAB_3,45520.01458,NA,2735,1.06,9.7,38.31433,-89.22267,-89.22267,880902,-2.3,15052,491991,NA,-21,NA,NA,-167.5,NA,NA,2580
2015-03-14 19:09:30,HAB_0,45526,13876.32,2563,NA,9.9,38.467,-89.254,NA,39540,-2.7,14652,257756,10,-12.2222222222,-41,0,NA,-13.7222222222,7891,2940
2015-03-14 19:10:00,HAB_0,45875,13982.7,2563,NA,9.9,38.46883,-89.24433,NA,40499,-3,14136,262586,10,-12.2777777778,-39,0,NA,-13.8888888889,7891,2970
2015-03-14 19:10:30,HAB_0,46206,14083.59,2563,NA,9.9,38.47067,-89.23517,NA,40499,-3,14136,262586,93,-12.2777777778,-38,0,NA,-13.8888888889,7871,3000
2015-03-14 19:11:00,HAB_0,46539,14185.09,2578,NA,9.8,38.47217,-89.22667,NA,41157,-3.2,13648,264130,91,-12.3333333333,-37,0,NA,-13.7777777778,7871,3030
2016-04-16 13:56:51,HAB_2,46615,14208.252,2750,1.066,9.6,38.4936111111111,-89.6241666666667,NA,1619999,-2.4,13368,560691,NA,-20.3,NA,NA,-149,NA,NA,3180
2016-04-16 13:54:51,HAB_3,46687.00937,NA,2750,1.206,9.7,38.31233,-89.2125,-89.2125,859500,-2.3,14520,498346,NA,-21.1,NA,NA,-175.8,NA,NA,2640
2016-04-16 13:57:51,HAB_2,46727,14242.3896,2750,1.029,9.6,38.4925,-89.6236111111111,NA,2088000,-2.8,12932,578541,NA,-19.5,NA,NA,-141.5,NA,NA,3240
2016-04-16 13:58:51,HAB_2,46727,14242.3896,2766,1.06,9.6,38.4925,-89.6236111111111,NA,1872000,-2.7,12472,565083,NA,-18.6,NA,NA,-155.2,NA,NA,3300
2016-04-16 13:59:51,HAB_2,46727,14242.3896,2781,1.075,9.6,38.4925,-89.6236111111111,NA,880902,-3,12020,524288,NA,-17.3,NA,NA,-161.2,NA,NA,3360
2015-03-14 19:11:30,HAB_0,46914,14299.39,2578,NA,9.8,38.47317,-89.21833,NA,41157,-3.2,13648,264130,87,-12.3333333333,-38,0,NA,-13.7777777778,7891,3060
2015-03-14 19:12:00,HAB_0,47615,14513.05,2578,NA,9.8,38.47683,-89.2015,NA,42171,-2.9,13172,266202,91,-12.3333333333,-38,0,NA,-14.1111111111,7871,3090
2015-03-14 19:12:30,HAB_0,48007,14632.53,2594,NA,9.8,38.478,-89.19233,NA,42517,-3.2,12684,266723,98,-12.2777777778,-37,0,NA,-13.7777777778,7871,3120
2015-03-14 19:13:00,HAB_0,48429,14761.16,2594,NA,9.8,38.4785,-89.18283,NA,42517,-3.2,12684,266723,91,-12.2777777778,-36,0,NA,-13.7777777778,7871,3150
2015-03-14 19:13:30,HAB_0,48835,14884.91,2594,NA,9.8,38.4785,-89.17417,NA,44255,-2.8,12176,267506,85,-12.2222222222,-36,0,NA,-13.4444444444,7871,3180
2016-04-16 14:00:51,HAB_2,49110,14968.728,2781,0.961,9.5,38.4961111111111,-89.6163888888889,NA,726545,-2.6,11584,487813,NA,-16.5,NA,NA,-152.5,NA,NA,3420
2015-03-14 19:14:00,HAB_0,49220,15002.26,2594,NA,9.8,38.47833,-89.16617,NA,44255,-2.8,12176,267506,78,-12.2222222222,-38,0,NA,-13.4444444444,7871,3210
2015-03-14 19:14:30,HAB_0,49614,15122.35,2610,NA,9.9,38.47817,-89.15833,NA,43941,-3.4,11700,263357,85,-12,-38,0,NA,-13.3333333333,7871,3240
2016-04-16 14:01:51,HAB_2,49962,15228.4176,2781,1.127,9.5,38.4997222222222,-89.6061111111111,NA,964800,-2.8,11192,485741,NA,-15.1,NA,NA,-136.3,NA,NA,3480
2015-03-14 19:15:00,HAB_0,49999,15239.7,2610,NA,9.9,38.47883,-89.1505,NA,43941,-3.4,11700,263357,83,-12,-38,1,NA,-13.3333333333,7871,3270
2016-04-16 14:02:51,HAB_2,50332,15341.1936,2797,1.131,9.5,38.5052777777778,-89.6080555555556,NA,1275157,-2.6,10780,491466,NA,-14.7,NA,NA,-115.8,NA,NA,3540
2015-03-14 19:15:30,HAB_0,50390,15358.87,2610,NA,9.9,38.48017,-89.14283,NA,43785,-3.3,11260,254501,87,-11.8333333333,-39,0,NA,-13.1111111111,7871,3300
2016-04-16 13:57:51,HAB_3,50714.01081,NA,2750,1.029,9.6,38.3055,-89.1735,-89.1735,2088000,-2.8,12932,578541,52,-19.5,NA,NA,-141.5,NA,NA,2820
2015-03-14 19:16:00,HAB_0,50777,15476.83,2610,NA,9.9,38.482,-89.13533,NA,43785,-3.3,11260,254501,80,-11.8333333333,-40,1,NA,-13.1111111111,7851,3330
2016-04-16 14:03:51,HAB_2,51487,15693.2376,2797,1.045,9.4,38.5086111111111,-89.6005555555555,NA,1456200,-2.4,10424,508078,NA,-13.9,NA,NA,-118.4,NA,NA,3600
2015-03-14 19:16:30,HAB_0,51547,15711.53,2625,NA,9.9,38.48533,-89.1215,NA,43220,-2.9,10784,242349,72,-11.6111111111,-38,1,NA,-13.1666666667,7851,3360
2016-04-16 13:58:51,HAB_3,51656.00559,NA,2766,1.06,9.6,38.30467,-89.16433,-89.16433,1872000,-2.7,12472,565083,48,-18.6,NA,NA,-155.2,NA,NA,2880
2016-04-16 14:04:51,HAB_2,51658,15745.3584,2813,1.116,9.4,38.5022222222222,-89.5908333333333,NA,1737000,-2.8,10028,518061,NA,-12.9,NA,NA,-143,NA,NA,3660
2015-03-14 19:18:00,HAB_0,51918,15824.61,2625,NA,9.8,38.4865,-89.11417,NA,41732,-3,10364,236946,87,-11.3888888889,-38,1,NA,-12.9444444444,7851,3450
2015-03-14 19:18:30,HAB_0,52326,15948.96,2625,NA,9.8,38.48683,-89.1065,NA,41732,-3,10364,236946,80,-11.3888888889,-38,1,NA,-12.9444444444,7851,3480
2016-04-16 14:05:51,HAB_2,52612,16036.1376,2813,1.138,9.3,38.5063888888889,-89.5863888888889,NA,2029500,-2.5,9644,532941,NA,-12,NA,NA,-152.3,NA,NA,3720
2015-03-14 19:19:00,HAB_0,52713,16066.92,2625,NA,9.7,38.48683,-89.09967,NA,39902,-3.3,9968,227592,70,-11.1666666667,-36,1,NA,-12.7777777778,7851,3510
2016-04-16 14:06:51,HAB_2,52785,16088.868,2828,1.138,9.3,38.5069444444444,-89.5730555555556,NA,1619999,-2.5,9272,532941,NA,-11.3,NA,NA,-159,NA,NA,3780
2016-04-16 14:07:51,HAB_2,52785,16088.868,2828,1.158,9.3,38.5069444444444,-89.5730555555556,NA,1347000,-2.4,8908,506439,NA,-10,NA,NA,-136.3,NA,NA,3840
2015-03-14 19:19:30,HAB_0,53097,16183.97,2625,NA,9.7,38.48667,-89.09333,NA,39902,-3.3,9968,227592,63,-11.1666666667,-35,1,NA,-12.7777777778,7851,3540
2015-03-14 19:20:00,HAB_0,53485,16302.23,2641,NA,9.7,38.48733,-89.08783,NA,39272,-2.9,9560,221837,63,-11,-36,1,NA,-12.9444444444,7851,3570
2015-03-14 19:20:30,HAB_0,53898,16428.11,2641,NA,9.7,38.48867,-89.082,NA,39272,-2.9,9560,221837,69,-11,-38,1,NA,-12.9444444444,7927,3600
2015-03-14 19:21:00,HAB_0,54298,16550.03,2641,NA,9.7,38.49033,-89.07533,NA,37213,-3.3,9172,217500,69,-10.6666666667,-38,1,NA,-12.5555555556,7927,3630
2016-04-16 14:01:51,HAB_3,54400.98599,NA,2781,1.127,9.5,38.3005,-89.13883,-89.13883,964800,-2.8,11192,485741,44,-15.1,NA,NA,-136.3,NA,NA,3060
2015-03-14 19:21:30,HAB_0,54681,16666.77,2641,NA,9.7,38.49183,-89.06883,NA,37213,-3.3,9172,217500,67,-10.6666666667,-37,1,NA,-12.5555555556,7927,3660
2015-03-14 19:22:00,HAB_0,55061,16782.59,2656,NA,9.7,38.49283,-89.06233,NA,40453,-3,8796,218145,74,-10.4444444444,-36,1,NA,-12.1111111111,7927,3690
2016-04-16 14:08:51,HAB_2,55106,16796.3088,2844,1.132,9.2,38.5083333333333,-89.5594444444444,NA,1298250,-2.8,8580,484195,NA,-9.7,NA,NA,-180.4,NA,NA,3900
2016-04-16 14:09:51,HAB_2,55106,16796.3088,2844,1.136,9.2,38.5083333333333,-89.5594444444444,NA,2439000,-2.7,8244,523149,NA,-8.8,NA,NA,-156.7,NA,NA,3960
2016-04-16 14:03:51,HAB_3,55374.01752,NA,2797,1.045,9.4,38.29867,-89.13367,-89.13367,1456200,-2.4,10424,508078,19,-13.9,NA,NA,-118.4,NA,NA,3180
2015-03-14 19:22:30,HAB_0,55422,16892.63,2656,NA,9.7,38.49333,-89.05583,NA,40453,-3,8796,218145,63,-10.4444444444,-38,1,NA,-12.1111111111,7927,3720
2015-03-14 19:23:00,HAB_0,55795,17006.32,2656,NA,9.6,38.49367,-89.04983,NA,41300,-3.3,8476,209674,61,-10.1111111111,-36,1,NA,-12.1111111111,7927,3750
2015-03-14 19:23:30,HAB_0,56183,17124.58,2656,NA,9.6,38.49333,-89.044,NA,41300,-3.3,8476,209674,61,-10.1111111111,-36,1,NA,-12.1111111111,7907,3780
2016-04-16 14:10:51,HAB_2,56446,17204.7408,2860,1.089,9.2,38.5058333333333,-89.5527777777778,NA,1872000,-2.8,7948,522012,NA,-7.7,NA,NA,-129.3,NA,NA,4020
2015-03-14 19:24:00,HAB_0,56591,17248.94,2672,NA,9.7,38.49367,-89.03867,NA,40085,-3.3,8104,197900,59,-9.7777777778,-37,1,NA,-11.7777777778,7907,3810
2015-03-14 19:24:30,HAB_0,57007,17375.73,2672,NA,9.7,38.49367,-89.03283,NA,40085,-3.3,8104,197900,56,-9.7777777778,-38,1,NA,-11.7777777778,7907,3840
2016-04-16 14:11:51,HAB_2,57296,17463.8208,2875,1.078,9.3,38.5022222222222,-89.5477777777778,NA,2817000,-3.1,7644,583783,NA,-6.3,NA,NA,-105.3,NA,NA,4080
2015-03-14 19:25:00,HAB_0,57400,17495.52,2672,NA,9.6,38.49383,-89.027,NA,38095,-3.1,7768,187069,65,-9.5,-37,2,NA,-11.1666666667,7907,3870
2016-04-16 14:04:51,HAB_3,57470.99921,NA,2813,1.116,9.4,38.29767,-89.12333,-89.12333,1737000,-2.8,10028,518061,41,-12.9,NA,NA,-143,NA,NA,3240
2015-03-14 19:25:30,HAB_0,57790,17614.39,2672,NA,9.6,38.4935,-89.02117,NA,38095,-3.1,7768,187069,57,-9.5,-35,2,NA,-11.1666666667,7907,3900
2016-04-16 14:12:51,HAB_2,58030,17687.544,2875,1.141,9.2,38.5025,-89.5427777777778,NA,3332454,-2.8,7348,619501,NA,-5.7,NA,NA,-157.8,NA,NA,4140
2015-03-14 19:26:00,HAB_0,58203,17740.27,2688,NA,9.8,38.49367,-89.0165,NA,36158,-3,7440,180000,48,-9.1111111111,-36,2,NA,-10.8888888889,7907,3930
2016-04-16 14:05:51,HAB_3,58441.99662,NA,2813,1.138,9.3,38.30017,-89.1175,-89.1175,2029500,-2.5,9644,532941,35,-12,NA,NA,-152.3,NA,NA,3300
2015-03-14 19:26:30,HAB_0,58611,17864.63,2688,NA,9.8,38.4935,-89.0115,NA,36158,-3,7440,180000,50,-9.1111111111,-36,2,NA,-10.8888888889,7907,3960
2016-04-16 14:13:51,HAB_2,58652,17877.1296,2891,1.152,9.2,38.5027777777778,-89.5433333333333,NA,2817000,-2.9,7068,588423,NA,-4.6,NA,NA,-97,NA,NA,4200
2016-04-16 14:14:51,HAB_2,58652,17877.1296,2891,1.12,9.2,38.5027777777778,-89.5433333333333,NA,4896000,-2.9,6780,612402,NA,-3.9,NA,NA,-143.6,NA,NA,4260
2015-03-14 19:27:00,HAB_0,59022,17989.91,2688,NA,9.9,38.493,-89.00683,NA,31770,-3.3,7148,169098,43,-8.6666666667,-36,2,NA,-10.3333333333,7907,3990
2016-04-16 14:06:51,HAB_3,59310.00846,NA,2828,1.138,9.3,38.3,-89.11167,-89.11167,1619999,-2.5,9272,532941,31,-11.3,NA,NA,-159,NA,NA,3360
2015-03-14 19:27:30,HAB_0,59818,18232.53,2703,NA,9.9,38.493,-88.99667,NA,30302,-3.4,6848,165638,59,-8.2222222222,-35,2,NA,-9.5555555556,7907,4020
2015-03-14 19:28:00,HAB_0,60204,18350.18,2703,NA,9.9,38.4925,-88.99183,NA,30302,-3.4,6848,165638,46,-8.2222222222,-34,2,NA,-9.5555555556,7907,4050
2016-04-16 14:08:51,HAB_3,60216.01243,NA,2844,1.132,9.2,38.3005,-89.105,-89.105,1298250,-2.8,8580,484195,NA,-9.7,NA,NA,-180.4,NA,NA,3480
2016-04-16 14:15:51,HAB_2,60447,18424.2456,2906,1.129,9.2,38.5072222222222,-89.5330555555555,NA,3667499,-2.6,6496,620217,NA,-3,NA,NA,-144.7,NA,NA,4320
2016-04-16 14:16:51,HAB_2,60540,18452.592,2906,1.12,9.2,38.5069444444444,-89.5375,NA,8172000,-3,6260,724289,NA,-1.8,NA,NA,-96.8,NA,NA,4380
2015-03-14 19:28:30,HAB_0,60600,18470.88,2703,NA,9.9,38.492,-88.98817,NA,30397,-3.1,6552,156727,37,-7.7777777778,-33,2,NA,-9.0555555556,7907,4080
2015-03-14 19:29:00,HAB_0,60991,18590.06,2703,NA,9.9,38.49167,-88.9845,NA,30397,-3.1,6552,156727,39,-7.7777777778,-35,2,NA,-9.0555555556,7907,4110
2016-04-16 14:09:51,HAB_3,61164.01114,NA,2844,1.136,9.2,38.30033,-89.09883,-89.09883,2439000,-2.7,8244,523149,NA,-8.8,NA,NA,-156.7,NA,NA,3540
2015-03-14 19:29:30,HAB_0,61391,18711.98,2719,NA,9.9,38.49067,-88.98083,NA,29159,-3.5,6292,153296,39,-7.2777777778,-33,2,NA,-8.7777777778,7907,4140
2016-04-16 14:17:51,HAB_2,61780,18830.544,2922,1.116,9.2,38.5108333333333,-89.54,NA,7352999,-3.1,5984,692271,NA,-1,NA,NA,-107.4,NA,NA,4440
2015-03-14 19:30:00,HAB_0,61807,18838.77,2719,NA,9.9,38.48917,-88.97767,NA,29159,-3.5,6292,153296,39,-7.2777777778,-32,2,NA,-8.7777777778,7891,4170
2015-03-14 19:30:30,HAB_0,62224,18965.88,2719,NA,9.9,38.48767,-88.97433,NA,27082,-3.6,6024,142402,28,-6.8333333333,-33,2,NA,-8.2777777778,7891,4200
2016-04-16 14:18:51,HAB_2,62541,19062.4968,2938,1302,9.1,38.5033333333333,-89.5352777777778,NA,12267000,-3.3,5756,698169,NA,0,NA,NA,-183.8,NA,NA,4500
2015-03-14 19:31:00,HAB_0,62650,19095.72,2719,NA,9.9,38.48683,-88.972,NA,27082,-3.6,6024,142402,26,-6.8333333333,-34,3,NA,-8.2777777778,7891,4230
2016-04-16 14:19:51,HAB_2,62671,19102.1208,2938,1154,9.2,38.5025,-89.5313888888889,NA,10512000,-3,5536,688102,NA,1.3,NA,NA,-107.2,NA,NA,4560
2015-03-14 19:31:30,HAB_0,63095,19231.36,2735,NA,9.9,38.4865,-88.96983,NA,24071,-3.5,5752,130888,31,-6.3888888889,-34,3,NA,-7.6666666667,7891,4260
2016-04-16 14:11:51,HAB_3,63387.99415,NA,2875,1.078,9.3,38.2985,-89.097,-89.097,2817000,-3.1,7644,583783,NA,-6.3,NA,NA,-105.3,NA,NA,3660
2015-03-14 19:32:00,HAB_0,63530,19363.94,2735,NA,9.9,38.48633,-88.96733,NA,24071,-3.5,5752,130888,28,-6.3888888889,-33,3,NA,-7.6666666667,7891,4290
2016-04-16 14:20:51,HAB_2,63931,19486.1688,2953,1.368,9.2,38.5022222222222,-89.5272222222222,NA,4896000,-3.4,5312,632571,NA,2.8,NA,NA,-106.4,NA,NA,4620
2015-03-14 19:32:30,HAB_0,63941,19489.22,2735,NA,9.8,38.48533,-88.965,NA,21103,-3.8,5488,121103,28,-5.8888888889,-34,3,NA,-7.4444444444,7891,4320
2016-04-16 14:21:51,HAB_2,63979,19500.7992,2953,1.394,9.2,38.5030555555556,-89.5238888888889,NA,4896000,-3.3,5092,553268,NA,4.5,NA,NA,-118.4,NA,NA,4680
2015-03-14 19:33:00,HAB_0,64401,19629.42,2735,NA,9.8,38.4845,-88.9625,NA,21103,-3.8,5488,121103,26,-5.8888888889,-32,3,NA,-7.4444444444,7891,4350
2015-03-14 19:33:30,HAB_0,64872,19772.99,2750,NA,9.9,38.4845,-88.96,NA,19170,-3.9,5228,115781,22,-5.4444444444,-31,3,NA,-6.7222222222,7891,4380
2015-03-14 19:34:00,HAB_0,65338,19915.02,2750,NA,9.9,38.48383,-88.9575,NA,19170,-3.9,5228,115781,28,-5.4444444444,-29,3,NA,-6.7222222222,7891,4410
2016-04-16 14:22:51,HAB_2,65465,19953.732,2969,1.39,9.2,38.5061111111111,-89.5266666666667,NA,2614500,-3.6,4900,512484,NA,6.2,NA,NA,-134,NA,NA,4740
2016-04-16 14:13:51,HAB_3,65468.99816,NA,2891,1.152,9.2,38.29967,-89.09683,-89.09683,2817000,-2.9,7068,588423,NA,-4.6,NA,NA,-97,NA,NA,3780
2015-03-14 19:34:30,HAB_0,65871,20077.48,2750,NA,10.1,38.48217,-88.95567,NA,17033,-3.9,4960,108647,30,-4.8888888889,-29,3,NA,-6.0555555556,7891,4440
2016-04-16 14:23:51,HAB_2,66096,20146.0608,2985,1.434,9.2,38.5061111111111,-89.5205555555556,NA,3332454,-3.2,4700,538223,NA,7.5,NA,NA,-123.1,NA,NA,4800
2016-04-16 14:24:51,HAB_2,66198,20177.1504,3000,1.472,9.2,38.5055555555556,-89.5113888888889,NA,8172000,-3.2,4504,564452,NA,8.8,NA,NA,-101.3,NA,NA,4860
2015-03-14 19:35:00,HAB_0,66363,20227.44,2750,NA,10.1,38.4815,-88.954,NA,17033,-3.9,4960,108647,22,-4.8888888889,-28,3,NA,-6.0555555556,7891,4470
2016-04-16 14:25:51,HAB_2,66387,20234.7576,3000,1.253,9.2,38.5008333333333,-89.5038888888889,NA,5247000,-3.1,4340,608197,NA,10.4,NA,NA,-125.5,NA,NA,4920
2016-04-16 14:14:51,HAB_3,66470.01525,NA,2891,1.12,9.2,38.29983,-89.096,-89.096,4896000,-2.9,6780,612402,NA,-3.9,NA,NA,-143.6,NA,NA,3840
2015-03-14 19:35:30,HAB_0,66766,20350.28,2766,NA,9.9,38.481,-88.9515,NA,16719,-4.5,4724,103656,31,-4.3888888889,-30,4,NA,-5.1666666667,7891,4500
2016-04-16 14:15:51,HAB_3,67549.01791,NA,2906,1.129,9.2,38.29883,-89.09867,-89.09867,3667499,-2.6,6496,620217,NA,-3,NA,NA,-144.7,NA,NA,3900
2015-03-14 19:37:00,HAB_0,67566,20594.12,2766,NA,10.4,38.479,-88.94483,NA,12559,-4.1,4508,90381,41,-3.8333333333,-26,4,NA,-4.9444444444,7891,4590
2015-03-14 19:37:30,HAB_0,67955,20712.68,2766,NA,10.4,38.4775,-88.94283,NA,12559,-4.1,4508,90381,26,-3.8333333333,-28,4,NA,-4.9444444444,7891,4620
2015-03-14 19:38:00,HAB_0,68359,20835.82,2781,NA,10.4,38.47567,-88.94217,NA,10090,-4.2,4336,81111,24,-3.2777777778,-27,4,NA,-4.2777777778,7891,4650
2016-04-16 14:26:51,HAB_2,68552,20894.6496,3016,1.426,9.3,38.5066666666667,-89.5038888888889,NA,5247000,-3.9,4152,659117,NA,12,NA,NA,-98.3,NA,NA,4980
2016-04-16 14:27:51,HAB_2,68736,20950.7328,3031,1.448,9.4,38.5036111111111,-89.5086111111111,NA,6682909,-4,4000,642252,NA,13.9,NA,NA,-98.5,NA,NA,5040
2015-03-14 19:38:30,HAB_0,68783,20965.06,2781,NA,10.4,38.47417,-88.94117,NA,10090,-4.2,4336,81111,22,-3.2777777778,-26,4,NA,-4.2777777778,7891,4680
2016-04-16 14:28:51,HAB_2,68894,20998.8912,3031,1.452,9.4,38.5041666666667,-89.5111111111111,NA,14723999,-4,3832,715427,NA,15.4,NA,NA,-96.6,NA,NA,5100
2016-04-16 14:29:51,HAB_2,68980,21025.104,3047,1.435,9.4,38.5075,-89.5122222222222,NA,7352999,-4.4,3700,746222,NA,16.3,NA,NA,-95.1,NA,NA,5160
2015-03-14 19:39:00,HAB_0,69237,21103.44,2781,NA,10.4,38.47317,-88.9395,NA,8658,-4.2,4140,75731,24,-2.7222222222,-26,4,NA,-3.3888888889,7891,4710
2016-04-16 14:17:51,HAB_3,69608.99173,NA,2922,1.116,9.2,38.30133,-89.10317,-89.10317,7352999,-3.1,5984,692271,NA,-1,NA,NA,-107.4,NA,NA,4020
2015-03-14 19:39:30,HAB_0,69697,21243.65,2781,NA,10.4,38.47233,-88.937,NA,8658,-4.2,4140,75731,33,-2.7222222222,-28,4,NA,-3.3888888889,7891,4740
2015-03-14 19:40:00,HAB_0,70557,21505.77,2797,NA,10.4,38.47083,-88.93167,NA,7347,-4.1,3956,69052,35,-2.2222222222,-26,4,NA,-2.9444444444,7891,4770
2015-03-14 19:40:30,HAB_0,70987,21636.84,2797,NA,10.4,38.47017,-88.9295,NA,6504,-4.4,3768,65452,20,-1.7222222222,-27,5,NA,-2.8888888889,7871,4800
2015-03-14 19:41:00,HAB_0,71394,21760.89,2797,NA,10.4,38.4695,-88.92783,NA,6504,-4.4,3768,65452,13,-1.7222222222,-23,5,NA,-2.8888888889,7871,4830
2016-04-16 14:18:51,HAB_3,71637.01017,NA,2938,1.302,9.1,38.30117,-89.11067,-89.11067,12267000,-3.3,5756,698169,31,0,NA,NA,-183.8,NA,NA,4080
2015-03-14 19:41:30,HAB_0,71805,21886.16,2813,NA,10.9,38.469,-88.92633,NA,5564,-4.3,3620,59946,20,-1.2222222222,-24,5,NA,-1.8888888889,7871,4860
2016-04-16 14:30:51,HAB_2,71905,21916.644,3063,1.397,9.4,38.5102777777778,-89.5058333333333,NA,7352999,-4.9,3528,756601,NA,17.1,NA,NA,-97.9,NA,NA,5220
2016-04-16 14:31:51,HAB_2,72043,21958.7064,3078,1.448,9.4,38.5052777777778,-89.5019444444444,NA,9195750,-4.6,3396,706722,NA,18.4,NA,NA,-98.3,NA,NA,5280
2016-04-16 14:32:51,HAB_2,72043,21958.7064,3078,1.429,9.4,38.5052777777778,-89.5019444444444,NA,5652000,-4.8,3264,676618,NA,20.2,NA,NA,-81,NA,NA,5340
2015-03-14 19:42:00,HAB_0,72211,22009.91,2813,NA,10.9,38.46867,-88.92533,NA,5564,-4.3,3620,59946,4,-1.2222222222,-25,5,NA,-1.8888888889,7851,4890
2015-03-14 19:42:30,HAB_0,72628,22137.01,2813,NA,10.8,38.46883,-88.9245,NA,4862,-4.1,3460,57697,2,-0.7777777778,-24,5,NA,-1.4444444444,7871,4920
2016-04-16 14:19:51,HAB_3,72675.00233,NA,2938,1.154,9.2,38.302,-89.11517,-89.11517,10512000,-3,5536,688102,24,1.3,NA,NA,-107.2,NA,NA,4140
2015-03-14 19:43:00,HAB_0,73016,22255.28,2813,NA,10.8,38.46917,-88.92433,NA,4862,-4.1,3460,57697,6,-0.7777777778,-22,5,NA,-1.4444444444,7871,4950
2015-03-14 19:43:30,HAB_0,73479,22396.4,2828,NA,10.8,38.47017,-88.923,NA,4390,-4.2,3308,54523,26,-0.2777777778,-22,5,NA,-1.0555555556,7871,4980
2016-04-16 14:20:51,HAB_3,73706.0063,NA,2953,1.368,9.2,38.30233,-89.11817,-89.11817,4896000,-3.4,5312,632571,16,2.8,NA,NA,-106.4,NA,NA,4200
2016-04-16 14:33:51,HAB_2,73770,22485.096,3094,1.446,9.4,38.5011111111111,-89.5055555555556,NA,5652000,-4.6,3144,663826,NA,21.7,NA,NA,-80.4,NA,NA,5400
2016-04-16 14:34:51,HAB_2,73861,22512.8328,3110,1.434,9.3,38.5025,-89.5052777777778,NA,4896000,-5.1,3028,609594,NA,23.2,NA,NA,-102.7,NA,NA,5460
2015-03-14 19:44:00,HAB_0,73932,22534.47,2828,NA,10.8,38.471,-88.92117,NA,4390,-4.2,3308,54523,30,-0.2777777778,-23,5,NA,-1.0555555556,7871,5010
2016-04-16 14:35:51,HAB_2,73937,22535.9976,3125,1.461,9.3,38.4997222222222,-89.5044444444444,NA,3667499,-4.7,2884,566346,NA,24.9,NA,NA,-58.8,NA,NA,5520
2015-03-14 19:44:30,HAB_0,74405,22678.64,2844,NA,10.7,38.47183,-88.91883,NA,3736,-4.8,3156,53668,20,0.1666666667,-22,6,NA,-0.7777777778,7871,5040
2016-04-16 14:21:51,HAB_3,74704.98927,NA,2953,1.394,9.2,38.303,-89.12267,-89.12267,4896000,-3.3,5092,553268,24,4.5,NA,NA,-118.4,NA,NA,4260
2015-03-14 19:45:00,HAB_0,74835,22809.71,2844,NA,10.7,38.47233,-88.91683,NA,3736,-4.8,3156,53668,20,0.1666666667,-22,6,NA,-0.7777777778,7891,5070
2015-03-14 19:45:30,HAB_0,75270,22942.3,2844,NA,11,38.47267,-88.915,NA,3402,-4.8,2984,47898,22,0.6666666667,-20,6,NA,-0.5555555556,7891,5100
2015-03-14 19:46:00,HAB_0,75731,23082.81,2844,NA,11,38.4725,-88.91283,NA,3402,-4.8,2984,47898,20,0.6666666667,-21,6,NA,-0.5555555556,7871,5130
2016-04-16 14:23:51,HAB_3,75733.00767,NA,2985,1.434,9.2,38.30117,-89.12767,-89.12767,3332454,-3.2,4700,538223,NA,7.5,NA,NA,-123.1,NA,NA,4380
2016-04-16 14:36:51,HAB_2,76105,23196.804,3125,1.407,9.4,38.4972222222222,-89.5061111111111,NA,4896000,-5,2760,511378,NA,26.7,NA,NA,-60.9,NA,NA,5580
2016-04-16 14:37:51,HAB_2,76159,23213.2632,3141,1.416,9.3,38.4975,-89.5088888888889,NA,3332454,-5.4,2648,449824,NA,27.5,NA,NA,-80.6,NA,NA,5640
2015-03-14 19:46:30,HAB_0,76168,23216.01,2860,NA,10.9,38.472,-88.9115,NA,2946,-4.2,2832,49921,28,1.1111111111,-19,6,NA,-0.2222222222,7871,5160
2016-04-16 14:38:51,HAB_2,76223,23232.7704,3157,1.429,9.4,38.4969444444444,-89.5083333333333,NA,2930400,-5.3,2540,405825,NA,29,NA,NA,-89,NA,NA,5700
2015-03-14 19:47:00,HAB_0,76623,23354.69,2860,NA,10.9,38.47083,-88.90933,NA,2946,-4.2,2832,49921,33,1.1111111111,-20,6,NA,-0.2222222222,7871,5190
2015-03-14 19:47:30,HAB_0,77041,23482.1,2860,NA,10.8,38.46967,-88.90783,NA,2618,-4.5,2704,47077,9,1.5555555556,-19,6,NA,0.0555555556,7871,5220
2015-03-14 19:48:00,HAB_0,77496,23620.78,2860,NA,10.8,38.46933,-88.907,NA,2618,-4.5,2704,47077,9,1.5555555556,-22,6,NA,0.0555555556,7871,5250
2015-03-14 19:48:30,HAB_0,77932,23753.67,2875,NA,10.9,38.4695,-88.9065,NA,2463,-4.3,2584,48081,7,1.9444444444,-22,6,NA,0.5,7871,5280
2016-04-16 14:24:51,HAB_3,77952.00381,NA,3000,1.472,9.2,38.30017,-89.13767,-89.13767,8172000,-3.2,4504,564452,27,8.8,NA,NA,-101.3,NA,NA,4440
2015-03-14 19:49:00,HAB_0,78424,23903.64,2875,NA,10.9,38.46867,-88.90567,NA,2463,-4.3,2584,48081,20,1.9444444444,-21,6,NA,0.5,7871,5310
2015-03-14 19:49:30,HAB_0,78905,24050.24,2891,NA,11,38.46783,-88.90483,NA,2233,-4.9,2460,47898,15,2.3888888889,-19,7,NA,1.0555555556,7871,5340
2016-04-16 14:25:51,HAB_3,79031.99072,NA,3000,1.253,9.2,38.298,-89.1445,-89.1445,5247000,-3.1,4340,608197,39,10.4,NA,NA,-125.5,NA,NA,4500
2016-04-16 14:39:51,HAB_2,79177,24133.1496,3172,1.434,9.4,38.4980555555556,-89.5061111111111,NA,4588875,-5.3,2432,361439,NA,30.5,NA,NA,-69.1,NA,NA,5760
2016-04-16 14:40:51,HAB_2,79308,24173.0784,3188,1.368,9.4,38.4980555555556,-89.5036111111111,NA,3861473,-5.8,2340,301100,NA,32.6,NA,NA,-87.3,NA,NA,5820
2015-03-14 19:50:00,HAB_0,79382,24195.63,2891,NA,11,38.46717,-88.904,NA,2233,-4.9,2460,47898,11,2.3888888889,-18,7,NA,1.0555555556,7871,5370
2016-04-16 14:41:51,HAB_2,79475,24223.98,3203,1.414,9.4,38.4961111111111,-89.505,NA,2817000,-5.9,2232,238344,NA,34.2,NA,NA,-83.4,NA,NA,5880
2016-04-16 14:42:51,HAB_2,79580,24255.984,3219,1.417,9.6,38.4933333333333,-89.5058333333333,NA,2149941,-5.8,2156,189347,NA,35.9,NA,NA,-86.5,NA,NA,5940
2015-03-14 19:50:30,HAB_0,79811,24326.39,2891,NA,10.9,38.46717,-88.9035,NA,2019,-4.8,2344,48172,6,2.8333333333,-20,7,NA,1.3888888889,7871,5400
2016-04-16 14:27:51,HAB_3,80073.00125,NA,3031,1.448,9.4,38.29867,-89.15167,-89.15167,6682909,-4,4000,642252,NA,13.9,NA,NA,-98.5,NA,NA,4620
2015-03-14 19:51:00,HAB_0,80306,24477.27,2891,NA,10.9,38.46767,-88.903,NA,2019,-4.8,2344,48172,20,2.8333333333,-22,7,NA,1.3888888889,7871,5430
2015-03-14 19:51:30,HAB_0,80762,24616.26,2906,NA,11,38.468,-88.90217,NA,1835,-4.7,2204,45179,11,3.1666666667,-20,7,NA,1.8888888889,7871,5460
2015-03-14 19:52:00,HAB_0,81206,24751.59,2906,NA,11,38.46733,-88.90133,NA,1835,-4.7,2204,45179,17,3.1666666667,-19,7,NA,1.8888888889,7871,5490
2015-03-14 19:52:30,HAB_0,81646,24885.7,2906,NA,11.1,38.46683,-88.9005,NA,1640,-4.8,2104,45809,4,3.5555555556,-18,7,NA,2.1666666667,7871,5520
2016-04-16 14:43:51,HAB_2,82058,25011.2784,3250,1.401,9.6,38.4936111111111,-89.5066666666667,NA,1657227,-6,2084,124874,NA,37.6,NA,NA,-73.9,NA,NA,6000
2016-04-16 14:44:51,HAB_2,82058,25011.2784,3297,1.396,9.6,38.4936111111111,-89.5066666666667,NA,1210500,-6,2000,94299,NA,39.2,NA,NA,-136,NA,NA,6060
2015-03-14 19:53:00,HAB_0,82105,25025.6,2906,NA,11.1,38.46683,-88.90017,NA,1640,-4.8,2104,45809,7,3.5555555556,-17,7,NA,2.1666666667,7871,5550
2016-04-16 14:45:51,HAB_2,82173,25046.3304,3344,1.431,9.6,38.495,-89.5075,NA,939272,-5.7,1900,75623,NA,40.7,NA,NA,-87.4,NA,NA,6120
2015-03-14 19:53:30,HAB_0,82564,25165.51,2922,NA,11.1,38.46733,-88.89933,NA,1520,-4.8,2012,47350,20,3.9444444444,-16,7,NA,2.3333333333,7871,5580
2015-03-14 19:54:00,HAB_0,83017,25303.58,2922,NA,11.1,38.46833,-88.89783,NA,1520,-4.8,2012,47350,24,3.9444444444,-13,7,NA,2.3333333333,7871,5610
2016-04-16 14:29:51,HAB_3,83412.01054,NA,3047,1.435,9.4,38.296,-89.174,-89.174,7352999,-4.4,3700,746222,40,16.3,NA,NA,-95.1,NA,NA,4740
2015-03-14 19:54:30,HAB_0,83488,25447.14,2938,NA,11,38.46817,-88.89617,NA,1417,-5,1888,48172,19,4.3333333333,-15,7,NA,2.8333333333,7871,5640
2015-03-14 19:55:00,HAB_0,83985,25598.63,2938,NA,11,38.46817,-88.89433,NA,1417,-5,1888,48172,17,4.3333333333,-14,7,NA,2.8333333333,7871,5670
2015-03-14 19:55:30,HAB_0,84464,25744.63,2938,NA,10.9,38.468,-88.893,NA,1326,-5.1,1796,50292,15,4.6666666667,-13,7,NA,3.1111111111,7871,5700
2016-04-16 14:46:51,HAB_2,84505,25757.124,3360,1.386,9.7,38.4977777777778,-89.5025,NA,870072,-6.2,1832,65553,NA,42.3,NA,NA,-98.2,NA,NA,6180
2016-04-16 14:31:51,HAB_3,84583.00796,NA,3078,1.448,9.4,38.29633,-89.18133,-89.18133,9195750,-4.6,3396,706722,NA,18.4,NA,NA,-98.3,NA,NA,4860
2016-04-16 14:47:51,HAB_2,84589,25782.7272,3375,1.415,9.8,38.4975,-89.5088888888889,NA,766148,-5.9,1764,59454,NA,43.9,NA,NA,-48.7,NA,NA,6240
2016-04-16 14:48:51,HAB_2,84701,25816.8648,3375,1.368,9.8,38.4986111111111,-89.5066666666667,NA,562393,-6.5,1700,52911,NA,45.8,NA,NA,-124.3,NA,NA,6300
2015-03-14 19:56:00,HAB_0,84946,25891.54,2938,NA,10.9,38.46717,-88.8915,NA,1326,-5.1,1796,50292,15,4.6666666667,-13,7,NA,3.1111111111,7871,5730
2015-03-14 19:56:30,HAB_0,85406,26031.75,2953,NA,10.7,38.467,-88.89067,NA,1235,-5,1696,51036,9,5,-12,8,NA,3.4444444444,7871,5760
2015-03-14 19:57:00,HAB_0,85840,26164.03,2953,NA,10.7,38.4675,-88.88933,NA,1235,-5,1696,51036,24,5,-12,8,NA,3.4444444444,7871,5790
2015-03-14 19:57:30,HAB_0,86284,26299.36,2953,NA,10.8,38.46883,-88.88733,NA,1185,-4.8,1612,51877,33,5.3333333333,-13,8,NA,3.7777777778,7871,5820
2015-03-14 19:58:00,HAB_0,86688,26422.5,2953,NA,10.8,38.4695,-88.885,NA,1185,-4.8,1612,51877,19,5.3333333333,-9,8,NA,3.7777777778,7871,5850
2016-04-16 14:32:51,HAB_3,86798.00147,NA,3078,1.429,9.4,38.30033,-89.19667,-89.19667,5652000,-4.8,3264,676618,NA,20.2,NA,NA,-81,NA,NA,4920
2016-04-16 14:49:51,HAB_2,86817,26461.8216,3375,1.401,9.9,38.5027777777778,-89.4988888888889,NA,434208,-6.3,1632,49921,NA,47.3,NA,NA,-81.7,NA,NA,6360
2016-04-16 14:50:51,HAB_2,86983,26512.4184,3375,1.396,9.9,38.5025,-89.4908333333333,NA,346901,-6.5,1560,51409,NA,49.2,NA,NA,-68,NA,NA,6420
2015-03-14 19:58:30,HAB_0,87135,26558.75,2953,NA,10.8,38.47,-88.8835,NA,1110,-5.1,1532,52535,19,5.7222222222,-10,8,NA,4.3888888889,7871,5880
2015-03-14 19:59:00,HAB_0,87592,26698.04,2953,NA,10.8,38.47133,-88.8825,NA,1110,-5.1,1532,52535,17,5.7222222222,-14,8,NA,4.3888888889,7871,5910
2016-04-16 14:34:51,HAB_3,87929.98969,NA,3110,1.434,9.3,38.30083,-89.201,-89.201,4896000,-5.1,3028,609594,NA,23.2,NA,NA,-102.7,NA,NA,5040
2015-03-14 19:59:30,HAB_0,88056,26839.47,2969,NA,10.7,38.47283,-88.88217,NA,1036,-5.1,1452,53194,19,6.0555555556,-10,8,NA,4.8333333333,7851,5940
2015-03-14 20:00:00,HAB_0,88535,26985.47,2969,NA,10.7,38.475,-88.88083,NA,1036,-5.1,1452,53194,39,6.0555555556,-13,8,NA,4.8333333333,7871,5970
2016-04-16 14:54:51,HAB_2,88565,26994.612,3375,1.355,8.4,38.5208333333333,-89.4802777777778,NA,9195750,-6,4048,340519,NA,26.3,NA,NA,-125.5,NA,NA,6660
2016-04-16 14:53:51,HAB_2,88573,26997.0504,3375,1.558,8.8,38.5086111111111,-89.4861111111111,NA,1252862,-7.1,3028,139651,NA,37.7,NA,NA,-16.2,NA,NA,6600
2016-04-16 14:52:51,HAB_2,88676,27028.4448,3375,1.533,9.2,38.5008333333333,-89.4913888888889,NA,266594,-7.7,2172,65961,NA,47.3,NA,NA,-29.4,NA,NA,6540
2015-03-14 20:00:30,HAB_0,89019,27132.99,2985,NA,10.7,38.4775,-88.8795,NA,972,-5.1,1376,54237,35,6.3888888889,-12,8,NA,5.1111111111,7871,6000
2016-04-16 14:36:51,HAB_3,89031.00679,NA,3125,1.407,9.4,38.3,-89.207,-89.207,4896000,-5,2760,511378,NA,26.7,NA,NA,-60.9,NA,NA,5160
2016-04-16 14:51:51,HAB_2,89073,27149.4504,3375,1.386,10,38.5055555555556,-89.485,NA,178560,-6.6,1500,53006,NA,50.7,NA,NA,-76.3,NA,NA,6480
2015-03-14 20:01:00,HAB_0,89559,27297.5,2985,NA,10.7,38.47983,-88.87867,NA,972,-5.1,1376,54237,33,6.3888888889,-9,8,NA,5.1111111111,7871,6030
2015-03-14 20:01:30,HAB_0,90099,27462.18,2985,NA,10.6,38.4825,-88.87867,NA,929,-5,1284,57891,35,6.7222222222,-10,8,NA,5.3888888889,7871,6060
2015-03-14 20:02:00,HAB_0,90626,27622.8,2985,NA,10.6,38.48517,-88.87817,NA,929,-5,1284,57891,28,6.7222222222,-9,9,NA,5.3888888889,7871,6090
2015-03-14 20:02:30,HAB_0,91128,27775.8,3000,NA,10.6,38.48733,-88.87683,NA,875,-5.1,1208,55478,39,7.0555555556,-9,9,NA,5.8333333333,7851,6120
2016-04-16 14:37:51,HAB_3,91268.01473,NA,3141,1.416,9.3,38.3,-89.21933,-89.21933,3332454,-5.4,2648,449824,NA,27.5,NA,NA,-80.6,NA,NA,5220
2015-03-14 20:03:00,HAB_0,91644,27933.09,3000,NA,10.6,38.4895,-88.87517,NA,875,-5.1,1208,55478,35,7.0555555556,-10,9,NA,5.8333333333,7871,6150
2015-03-14 20:03:30,HAB_0,92133,28082.1,3000,NA,10.6,38.49183,-88.873,NA,832,-5.1,1128,58964,41,7.3888888889,-8,9,NA,6.0555555556,7851,6180
2016-04-16 14:38:51,HAB_3,92427.00427,NA,3157,1.429,9.4,38.30067,-89.22483,-89.22483,2930400,-5.3,2540,405825,NA,29,NA,NA,-89,NA,NA,5280
2015-03-14 20:04:00,HAB_0,92629,28233.3,3000,NA,10.6,38.49333,-88.87067,NA,832,-5.1,1128,58964,22,7.3888888889,-8,9,NA,6.0555555556,7851,6210
2015-03-14 20:04:30,HAB_0,93110,28379.93,3000,NA,10.5,38.494,-88.8685,NA,779,-4.8,1072,57212,22,7.7222222222,-10,9,NA,6.5,7851,6240
2016-04-16 14:39:51,HAB_3,93539.99643,NA,3172,1.434,9.4,38.30117,-89.22967,-89.22967,4588875,-5.3,2432,361439,16,30.5,NA,NA,-69.1,NA,NA,5340
2015-03-14 20:05:00,HAB_0,93585,28524.71,3000,NA,10.5,38.49483,-88.86667,NA,779,-4.8,1072,57212,26,7.7222222222,-12,9,NA,6.5,7871,6270
2015-03-14 20:05:30,HAB_0,94048,28665.8,3016,NA,10.5,38.49533,-88.864,NA,736,-5.2,1012,59847,30,8,-9,9,NA,6.7777777778,7851,6300
2015-03-14 20:06:00,HAB_0,94540,28815.7,3016,NA,10.5,38.49533,-88.8615,NA,736,-5.2,1012,59847,31,8,-9,9,NA,6.7777777778,7851,6330
2015-03-14 20:06:30,HAB_0,95023,28963,3016,NA,10.5,38.49467,-88.85933,NA,703,-5.6,952,61032,26,8.3333333333,-8,9,NA,7.0555555556,7851,6360
2015-03-14 20:07:00,HAB_0,95493,29106.2,3016,NA,10.5,38.493,-88.8585,NA,703,-5.6,952,61032,20,8.3333333333,-6,9,NA,7.0555555556,7871,6390
2016-04-16 14:41:51,HAB_3,95962.01094,NA,3203,1.414,9.4,38.30017,-89.241,-89.241,2817000,-5.9,2232,238344,NA,34.2,NA,NA,-83.4,NA,NA,5460
2015-03-14 20:07:30,HAB_0,96435,29393.39,3031,NA,10.4,38.4905,-88.857,NA,660,-5.4,892,60439,15,8.5,-6,10,NA,7.2777777778,7871,6420
2015-03-14 20:09:00,HAB_0,96926,29543.04,3031,NA,10.4,38.4895,-88.85733,NA,632,-5.2,840,58964,6,8.8333333333,-4,10,NA,8,7871,6510
2015-03-14 20:09:30,HAB_0,97378,29680.81,3031,NA,10.4,38.4885,-88.85617,NA,632,-5.2,840,58964,11,8.8333333333,-3,10,NA,8,7871,6540
2015-03-14 20:10:00,HAB_0,97818,29814.93,3047,NA,10.4,38.48783,-88.85583,NA,594,-5.3,792,61728,11,9.1111111111,-6,10,NA,8.0555555556,7871,6570
2015-03-14 20:10:30,HAB_0,98280,29955.74,3047,NA,10.4,38.488,-88.85667,NA,594,-5.3,792,61728,7,9.1111111111,-7,10,NA,8.0555555556,7871,6600
2016-04-16 14:42:51,HAB_3,98483.0084,NA,3219,1.417,9.6,38.302,-89.25617,-89.25617,2149941,-5.8,2156,189347,76,35.9,NA,NA,-86.5,NA,NA,5520
2015-03-14 20:11:00,HAB_0,98705,30085.28,3047,NA,10.4,38.4885,-88.858,NA,571,-5.4,740,60439,17,9.4444444444,-3,10,NA,8.3888888889,7871,6630
2015-03-14 20:11:30,HAB_0,99129,30214.52,3047,NA,10.4,38.48933,-88.85933,NA,571,-5.4,740,60439,24,9.4444444444,-1,10,NA,8.3888888889,7871,6660
2015-03-14 20:12:00,HAB_0,99555,30344.36,3047,NA,10.4,38.49067,-88.86017,NA,552,-5.2,696,59062,26,9.7222222222,-2,11,NA,8.9444444444,7871,6690
2016-04-16 14:44:51,HAB_3,99716.99794,NA,3297,1.396,9.6,38.3005,-89.264,-89.264,1210500,-6,2000,94299,NA,39.2,NA,NA,-136,NA,NA,5640
2015-03-14 20:12:30,HAB_0,100002,30480.6,3047,NA,10.4,38.49167,-88.86,NA,552,-5.2,696,59062,17,9.7222222222,0,11,NA,8.9444444444,7871,6720
2015-03-14 20:13:00,HAB_0,100480,30626.3,3063,NA,10.4,38.49217,-88.8575,NA,534,-5.4,656,60735,28,10,0,11,NA,9.2777777778,7871,6750
2015-03-14 20:13:30,HAB_0,100960,30772.61,3063,NA,10.4,38.4925,-88.8555,NA,534,-5.4,656,60735,26,10,-1,11,NA,9.2777777778,7871,6780
2015-03-14 20:14:00,HAB_0,101449,30921.6,3063,NA,10.3,38.4925,-88.8535,NA,520,-4.7,616,63328,26,10.2777777778,1,11,NA,9.5,7871,6810
2015-03-14 20:14:30,HAB_0,101931,31068.5,3063,NA,10.3,38.49283,-88.851,NA,520,-4.7,616,63328,30,10.2777777778,3,11,NA,9.5,7871,6840
2015-03-14 20:15:00,HAB_0,102404,31212.7,3063,NA,10.3,38.49317,-88.84783,NA,496,-5.1,576,60143,28,10.5555555556,2,11,NA,10.1666666667,7871,6870
2015-03-14 20:15:30,HAB_0,102868,31354.1,3063,NA,10.3,38.49383,-88.84517,NA,496,-5.1,576,60143,28,10.5555555556,0,11,NA,10.1666666667,7871,6900
2016-04-16 14:48:51,HAB_3,102941.998,NA,3375,1.368,9.8,38.3015,-89.2895,-89.2895,562393,-6.5,1700,52911,NA,45.8,NA,NA,-124.3,NA,NA,5880
2015-03-14 20:16:00,HAB_0,103311,31489.19,3078,NA,10.4,38.49483,-88.84333,NA,482,-5.4,536,57697,19,10.8333333333,-3,11,NA,10.5,7871,6930
2015-03-14 20:16:30,HAB_0,103773,31630.01,3078,NA,10.4,38.49633,-88.84233,NA,482,-5.4,536,57697,22,10.8333333333,-3,11,NA,10.5,7871,6960
2015-03-14 20:17:00,HAB_0,104233,31770.22,3078,NA,10.4,38.49733,-88.84133,NA,464,-5.3,500,57502,20,11.1111111111,-1,11,NA,10.6111111111,7871,6990
2015-03-14 20:17:30,HAB_0,104694,31910.7,3078,NA,10.4,38.498,-88.84033,NA,464,-5.3,500,57502,20,11.1111111111,0,12,NA,10.6111111111,7871,7020
2015-03-14 20:18:00,HAB_0,105157,32051.8,3078,NA,10.4,38.4975,-88.839,NA,450,-5.1,472,56632,22,11.3888888889,0,12,NA,11.0555555556,7871,7050
2016-04-16 14:50:51,HAB_3,105456.9916,NA,3375,1.396,9.9,38.30333,-89.30867,-89.30867,346901,-6.5,1560,51409,NA,49.2,NA,NA,-68,NA,NA,6000
2015-03-14 20:18:30,HAB_0,105605,32188.4,3078,NA,10.4,38.49567,-88.837,NA,450,-5.1,472,56632,31,11.3888888889,-1,12,NA,11.0555555556,7871,7080
2015-03-14 20:19:00,HAB_0,106032,32318.5,3094,NA,10.4,38.49417,-88.83617,NA,427,-5.3,436,54237,15,11.6666666667,0,12,NA,11.4444444444,7871,7110
2015-03-14 20:19:30,HAB_0,106458,32448.4,3094,NA,10.4,38.493,-88.83567,NA,427,-5.3,436,54237,19,11.6666666667,0,12,NA,11.4444444444,7871,7140
2016-04-16 14:51:51,HAB_3,106631.9916,NA,3375,1.386,10,38.307,-89.31683,-89.31683,178560,-6.6,1500,53006,NA,50.7,NA,NA,-76.3,NA,NA,6060
2015-03-14 20:20:00,HAB_0,106867,32573,3094,NA,10.4,38.4915,-88.835,NA,418,-5.6,408,56535,22,11.9444444444,2,12,NA,11.6111111111,7871,7170
2015-03-14 20:20:30,HAB_0,107269,32695.5,3094,NA,10.4,38.49033,-88.83433,NA,418,-5.6,408,56535,13,11.9444444444,2,12,NA,11.6111111111,7871,7200
2015-03-14 20:21:00,HAB_0,107664,32815.9,3110,NA,10.4,38.48983,-88.834,NA,409,-5.1,372,54713,4,12.2222222222,2,12,NA,11.8888888889,7871,7230
2015-03-14 20:21:30,HAB_0,108040,32930.5,3110,NA,10.4,38.49,-88.83317,NA,409,-5.1,372,54713,15,12.2222222222,4,12,NA,11.8888888889,7871,7260
2015-03-14 20:22:00,HAB_0,108388,33036.6,3110,NA,10.4,38.48967,-88.832,NA,399,-5.4,348,54523,9,12.4444444444,6,12,NA,12.5,7871,7290
2015-03-14 20:22:30,HAB_0,108724,33139,3110,NA,10.4,38.48933,-88.83167,NA,399,-5.4,348,54523,9,12.4444444444,7,13,NA,12.5,7871,7320
2015-03-14 20:23:00,HAB_0,109113,33257.6,3110,NA,10.5,38.48883,-88.83233,NA,386,-5.4,328,57502,11,12.7222222222,8,13,NA,12.7222222222,7871,7350
